theme,reviews,share_of_complaints,avg_stars,stars_vs_no_complaint,one_star_share,order_value,median_order_value,delivered_late_share,never_delivered_share,repeat_rate,repeat_n,repeat_ci_low,repeat_ci_high,rating_cost
not_delivered,4597,0.2722373563899088,1.4874918425059822,-3.2099815617493372,0.7557102458124864,730095.1799999999,99.8,0.4705242549488797,0.23384816184468132,0.03799149840595112,3764,0.032340011317372214,0.04458509084191177,0.28697138170143494
missing_items,2455,0.1453867108847566,1.854989816700611,-2.8424835875547085,0.569857433808554,523903.87,134.7,0.05336048879837067,0.013441955193482688,0.053231939163498096,1841,0.043875757302222804,0.06444877310732562,0.12876213207596188
seller_support,2314,0.13703659836550988,1.5064822817631807,-3.1909911224921386,0.7497839239412273,426037.1,114.45,0.3107173725151253,0.1957649092480553,0.033659066232356136,1842,0.026344940348724245,0.042914307031982755,0.10318155546679483
poor_quality,3463,0.20508113229894587,2.8625469246318223,-1.8349264796234972,0.2954086052555588,422851.14,79.99,0.05861969390701704,0.014727115218019058,0.03971405877680699,2518,0.032761032202642607,0.04806942122472572,0.11485467487595148
wrong_item,1681,0.09954992301314698,1.7709696609161214,-2.926503743339198,0.6222486615110053,265688.49,89.99,0.044616299821534804,0.03985722784057109,0.031061259706643658,1159,0.022519492922976725,0.04270142796599045,0.08009763382303275
late_delivery,1815,0.1074854909392396,2.659504132231405,-2.0379692720239144,0.3393939393939394,262075.83000000002,94.92500000000001,0.3741046831955923,0.07988980716253444,0.024739583333333332,1536,0.01807674400688129,0.03377378399547948,0.072679240922592
refund_return,1541,0.09125903115006515,1.5489941596365997,-3.14847924461872,0.7345879299156391,255972.08000000002,105.0,0.12134977287475665,0.23296560674886438,0.046532045654082525,1139,0.03574943873241144,0.060363268400405554,0.0706605364936482
not_as_described,1806,0.10695250503375578,2.1705426356589146,-2.526930768596405,0.4745293466223699,252664.51,89.9,0.04595791805094131,0.024916943521594685,0.03943217665615142,1268,0.03003704968161499,0.05160959562390103,0.0709113247863248
damaged_defective,1276,0.07556555726637451,1.933385579937304,-2.7640878243180156,0.5329153605015674,192240.87,85.35499999999999,0.03918495297805643,0.022727272727272728,0.04013377926421405,897,0.029128527433391605,0.055061190270586535,0.05865861081885018
other_complaint,789,0.046725097714082675,3.3776932826362485,-1.319780121619071,0.1520912547528517,126531.32,99.4,0.07477820025348543,0.015209125475285171,0.038461538461538464,572,0.025534358416421474,0.057546822241592806,0.019374094532339216
price_shipping,651,0.03855264716333057,2.89247311827957,-1.8050002859757495,0.29185867895545314,98050.15000000001,89.995,0.12442396313364056,0.043010752688172046,0.03347280334728033,478,0.020706799256494487,0.05367781178580654,0.0178833773348401
packaging,588,0.03482174582494374,2.7840136054421767,-1.9134597988131428,0.24489795918367346,93868.98999999999,99.995,0.07653061224489796,0.022108843537414966,0.04047619047619048,420,0.025422344965809016,0.06386006619911674,0.016622293609660634
