review_id,themes,unsure,note,labelled_at
48656dcc623756f5c68ad3257b9cc1ee,refund_return,0,,2026-10-06T06:08:07
ed7d32b26fc37f5954ad82ee7db63ed4,late_delivery,0,,2026-10-06T06:08:18
bc0dbb89e5291ab0148b18f5abd3987b,not_delivered,0,,2026-10-06T06:09:45
741fd6bf288d816ca955451b450571e6,,0,,2026-10-06T06:09:58
574b07467a8b84fe27121de37f18ab8b,,0,shipping fee can be improved,2026-10-06T06:10:38
5b8bc821b0dac71070edd3a6ac0d7bea,,1,,2026-10-06T06:11:15
0c7571f1c198dee0435fe204ea197a84,price_shipping,0,,2026-10-06T06:11:24
be1b2afd9dc5d5578e556891e6a6ffdf,not_as_described;poor_quality,0,,2026-10-06T06:11:37
f36b99ffbceabeb3a52181492353ee4b,not_delivered,0,,2026-10-06T06:12:14
8ee90ac383cf825bb7f4756130d4e74a,,0,,2026-10-06T06:12:18
2928107a157e4be001d83ec101733c6b,late_delivery;seller_support,0,,2026-10-06T06:12:32
818cc86c594c62eaf1427838c6e23b0e,late_delivery;seller_support,0,,2026-10-06T06:12:44
ef87de41e52daba534528819c6db7957,late_delivery;seller_support,0,,2026-10-06T06:12:54
ff7d3e224849427437b3c7a9eb5bc641,,0,,2026-10-06T06:13:04
276bdab790a7dd1a0a938e154de1b420,seller_support,0,,2026-10-06T06:13:18
889bd6683d2db12bda0a7ede0d0bd32b,,0,,2026-10-06T06:13:24
68943d08a20deb9b08c7de80a0927214,not_as_described,0,,2026-10-06T06:13:33
04a86ddc8dc7a59bd1963915a046884e,poor_quality,0,,2026-10-06T06:13:37
58b182e3b02083fa07ff52bd4eb6c2f8,poor_quality,0,,2026-10-06T06:13:51
d4d4f5517c3e527f605a7e0beeed958e,,0,,2026-10-06T06:13:57
8b7960dfe38bb0b1cbdfe1bb336c4ad8,,0,,2026-10-06T06:14:01
1bea8fb299b95f2f11e8b34bfc87cefb,,0,,2026-10-06T06:14:03
e690dd643c9bd77b5253b539fb281d43,,0,,2026-10-06T06:14:05
d8ec3264b2b885181b34e5001e816618,,0,,2026-10-06T06:14:06
3af8148a09b008f63ecbcbe702fc04f1,price_shipping,0,,2026-10-06T06:14:09
58dde20c53f73a1828b17d98e4d80a11,not_as_described;poor_quality,0,fake product,2026-10-06T06:14:31
80bda512d899e7faa3a7a8451d601f35,late_delivery;missing_items,0,,2026-10-06T06:14:54
ab94c28b9460da4ecf2e10ebaf531484,missing_items,0,,2026-10-06T06:15:04
3042f36648eefcc7021ab5b3a2a4126b,,0,,2026-10-06T06:15:16
90a435fc6738bd8a0213ed7acd79e212,late_delivery,0,,2026-10-06T06:15:21
340b6614d5bdc518ed8f5dc5e97b7289,,0,,2026-10-06T06:15:29
455f26b52082ed8134384a049d394441,late_delivery;seller_support,0,,2026-10-06T06:15:45
31fdd8bc04f5a2e415fa87c12159698d,missing_items;seller_support,0,,2026-10-06T06:15:57
