review_id,review_score,text,split,text_en,human_test
48656dcc623756f5c68ad3257b9cc1ee,2,E ainda gastei no correio com embalagem,dev,And I still spent it on the mail with the package.,0
ed7d32b26fc37f5954ad82ee7db63ed4,2,"TAPETE MUITO FINO, E PELOS FINOS",dev,"Very thin carpet, and fine hair",0
bc0dbb89e5291ab0148b18f5abd3987b,1,Não recebi o produto nem satisfação da empresa quanto ao ocorrido.,dev,I did not receive the product or satisfaction of the company as to what happened.,0
741fd6bf288d816ca955451b450571e6,5,Satisfeita com minha compra,dev,Satisfied with my purchase,0
574b07467a8b84fe27121de37f18ab8b,4,Gostei bastante. Para ficar melhor o frete tinha q ser mais barato.,dev,I like it a lot. To get better the freight had to be cheaper.,0
5b8bc821b0dac71070edd3a6ac0d7bea,5,Amei super indico mas fiz uma compra junto chapinha que não chegou ainda,dev,"I loved it so much, but I made a buy with a hat that hasn't arrived yet.",0
0c7571f1c198dee0435fe204ea197a84,3,"vcs podiam abaixar o valor do frete e colocar de vez enquando frete gratis,seu frete e muito caro!!!!",dev,"you could lower the freight value and put at once when free shipping, your freight and very expensive!!!",0
be1b2afd9dc5d5578e556891e6a6ffdf,2,"Não prestei atenção no anuncio, não gostei do material, sinceramente não compraria novamente.",dev,"I didn't pay attention to the announcement, I didn't like the material, I honestly wouldn't buy it again.",0
f36b99ffbceabeb3a52181492353ee4b,1,Falta receber o protetor de porta e os jogos de cama de solteiro,dev,Missing to receive the door guard and the single bed games,0
8ee90ac383cf825bb7f4756130d4e74a,5,recomendo,dev,Recommend,0
2928107a157e4be001d83ec101733c6b,3,"Paguei a taxa de entrega, mas tive que ir retirar o produto no correio, mesmo tendo enviado um e-mail, recebi uma resposta eletrônica genérica que não me ajudou em nada",dev,"I paid the delivery fee, but I had to go pick up the product in the mail, even though I sent an e-mail, I received a generic electronic response that didn't help me at all.",0
818cc86c594c62eaf1427838c6e23b0e,1,Estou aguardando a entrega pois até o dia de hj não veio .não posso avaliar se encomendara a loja pois eu rastriei o produto e diz que a entrega é pelo correio e estava em transporte,dev,I'm waiting for the delivery because until the day of hj didn't come .I can't evaluate if you ordered the store because I ran the product and said the delivery is in the mail and was in transport,0
ef87de41e52daba534528819c6db7957,1,"Comprei o produto há quase um mês, o pacote teria sido postado no dia 01/02/2018, mas até agora não o recebi.",dev,"I bought the product almost a month ago, the package would have been posted on 01/02/2018, but so far I have not received it.",0
ff7d3e224849427437b3c7a9eb5bc641,5,"Muito boa ,as prateleiras tamanho e largura excelente!!!",dev,"Very good, the size shelves and excellent width!!!",0
276bdab790a7dd1a0a938e154de1b420,1,Foram pedidos 2(dois) suportes para duas TVs e somente veio 1(um). Aguardo o segundo suporte.,dev,2(two) supports were requested for two TVs and only came 1(one). I'm waiting for the second support.,0
889bd6683d2db12bda0a7ede0d0bd32b,5,"Excelente vendedor, ótimo produto",dev,"Excellent seller, great product",0
68943d08a20deb9b08c7de80a0927214,1,"Produto veio correto, só achei muito pequeno. Não gostei por isso. Mas produto foi entregue no prazo tudo certinho.",dev,"Product came right, I just thought it was too small. I didn't like it. But product was delivered on time all right.",0
04a86ddc8dc7a59bd1963915a046884e,3,O tecido não é bom.,dev,The fabric's not good.,0
58b182e3b02083fa07ff52bd4eb6c2f8,4,"que legal, recebi o produto bem antes do prazo, o tecido foi o informado mesmo, estampa legal mas só precisa ser com mais qualidade.. mas atendeu o esperado",dev,"How cool, I received the product well before the deadline, the fabric was the same, legal print but only needs to be more quality.. But you've met your expectations.",0
d4d4f5517c3e527f605a7e0beeed958e,4,"Adorei, chegou tudo conforme o meu pedido e dentro do prazo... obrigado",dev,"I love it, everything came as per my request, and on time... Thank you.",0
8b7960dfe38bb0b1cbdfe1bb336c4ad8,4,Produto de boa qualidade.,dev,Good quality product.,0
1bea8fb299b95f2f11e8b34bfc87cefb,4,"Bom produto, entrega rápida.",dev,"Good product, fast delivery.",0
e690dd643c9bd77b5253b539fb281d43,5,"Fui plenamente atendido,estou satisfeito com a compra.",dev,"I've been fully attended to, I'm satisfied with the purchase.",0
d8ec3264b2b885181b34e5001e816618,4,Otimo serviço.,dev,Great job.,0
3af8148a09b008f63ecbcbe702fc04f1,4,Frete caro,dev,Expensive freight,0
58dde20c53f73a1828b17d98e4d80a11,1,"Não recomendo a loja, estão anunciando tinta original Epson e não é. Uma falsificação quase perfeita. Revoltado devido a tentativa de ludibriar o consumidor.",dev,"I don't recommend the store. They're announcing original Epson ink, and it's not. An almost perfect forgery. Revolted because of an attempt to deceive the consumer.",0
80bda512d899e7faa3a7a8451d601f35,1,Sem o produto nao recebido,dev,Without product not received,0
ab94c28b9460da4ecf2e10ebaf531484,4,"Foi muito rápida e eficiente a entrega, porém ficaria mais satisfeito se entregasse tudo o que eu pedi de uma vez só.",dev,"It was very quick and efficient to deliver, but I would be more pleased if you would deliver everything I asked for at once.",0
3042f36648eefcc7021ab5b3a2a4126b,4,O produto é exatamente igual a foto q ue eu vi no site,dev,The product is exactly like the photo I saw on the site,0
90a435fc6738bd8a0213ed7acd79e212,3,Demorou muito pra chegar....,dev,It took me a long time to get here.,0
340b6614d5bdc518ed8f5dc5e97b7289,5,Boa cortina,dev,Good curtain.,0
455f26b52082ed8134384a049d394441,1,"Não entregou o produto, confiou aos correios e não fez nenhum contato para saber da situação...",dev,"He didn't deliver the product, he trusted the post office and he didn't make any contact to find out the situation...",0
31fdd8bc04f5a2e415fa87c12159698d,2,Recebi parte da compra. Fsltou a saia matelasada. E não recebi nenhuma informação sobre essa pendência. Aguardo instruções sobre como proceder.,dev,I got part of the purchase. Fslated the she-skinned skirt. And I didn't get any information about that pending. I'm waiting for instructions on how to proceed.,0
527a27581cf0ad4806258bee68dcd760,3,"Devido a variedade da linha de produtos e opções (aparador pelos da Philips), a loja poderia oferecer informações completas e esclarecedoras, sendo possível comparar e ter ideia de qual modelo vem o q",dev,"Due to the variety of the product line and options ( Philips trimmer), the store could offer complete and enlightening information, and it is possible to compare and have idea of which model comes the quality of the product.",0
b2c10736435b2f9d697693d77b59c71a,4,"APENAS GOSTARIA QUE O PRODUTO CHEGASSE UM POUCO MAIS RÁPIDO DO QUE CHEGOU,MAS NO GERAL , NÃO TENHO O QUE RECLAMAR,POIS O PRODUTO CHEGOU AO DESTINO E É DE QUALIDADE.",dev,"I'd just like the product to arrive a little faster than it arrived, but in general, I have nothing to complain about, because the product has reached its destination and is of quality.",0
065853e63fe965368a1eb826b5aadda5,3,Faltaram 2 jumps que até o momento não foram entregues.,dev,There are two jumps missing that have not yet been delivered.,0
90085d461e26c5995a533fe2f6633332,5,"Fiquei com receio de fazer essa comora pela Internet,mas fiz e vi que valeu a pena.Produto entregue mais cedo que o previsto e com todo informação durante seu transporte.Parabéns targaryen e lannister.",dev,"I was afraid to make this commotion over the Internet, but I did and I saw it was worth it.Product delivered earlier than expected and with all the information during its transport.Congratulations targaryen and Lannister.",0
d56de13343062a5ca28b73e637aa7d66,3,"O MATERIAL DO PRODUTO É BOM, MAS DEIXA A DESEJAR NO IMÃ QUE FECHA A CARTEIRA. É COM POUCA PRESSÃO, E COM UMA SEMANA DE USO, JÁ NÃO FECHA MAIS COMO DEVERIA. E FICA SOLTANDO LINHA DA COSTURA. MEDIANO",dev,"The material of the product is good, but leaves to be desired in the magnet that closes the wallet. It's low pressure, and with a week's use, it no longer closes as it should. And you keep letting go of the sewing line. Median",0
f042bb5075dfb84954525296fd81b347,2,Ainda não recebi o produto,dev,I haven't received the product yet.,0
467ae6a25f870e27fe3a0a067d940321,4,"Foi entregue antes do prazo, chegou tudo certinho. Recomendo!",dev,"It was delivered before the deadline, it was all right. I recommend it!",0
612201a213fb01d4f977e5711837356b,2,"Só não gostei das fragrâncias, bem enjoativas e doces.",dev,"I just didn't like the fragrances, really sick and sweet.",0
f774cb6dcf0a189de2c8935a9999e86f,1,Comprei há maia de 20 dias e não recebi produto e tão pouco me deram alguma satisfação. Já reclamei com as lojas lannister mas até agora ninguém me deu uma posição. UM ABSURDOOO!!!,dev,"I bought it 20 days ago, and I didn't get any product, and they didn't give me any satisfaction. I've complained about Lannister stores, but so far no one's given me a position. AN ASSURDOOO!!!",0
2c60b4fcd6555e20d6edf6f982ae2415,1,"São muitos enrolados para fazer a entrega do produto, até agora não recebi o produto.",dev,"There are many coils to make the delivery of the product, so far I have not received the product.",0
6689aabfeb781e9fc59aceb91b5de579,3,so demorou um pouco mais valeu,dev,It took a little longer than that.,0
68f42cd6a219b4b9a495360329a01c6d,1,Recebi a mascara mas de outra cor. Infelizmente não pude fazer a troca pois já tinha jogado a nota fiscal fora,dev,"I got the mask, but it was a different color. Unfortunately, I couldn't make the exchange because I'd already thrown the tax bill away.",0
f09e27e8caa28870d448eef18801ec5c,3,"No anuncio, era PERCAL, mas não é percal tem poliester.... sou alergica a poliester por isso comprei. Só nao devolvi porque irei usar no quarto do meu filho, o produto é bonito",dev,"In the announcement, it was PERCAL, but it is not perçal has polyester.... I'm allergic to polyester so I bought it. I didn't give it back because I'm going to use it in my son's room. The product is beautiful.",0
f925d5e5f1fd667ca0ec5b851f9adc5d,5,"Recebi o produto antes do prazo, era o que esperava ficou muito lindo na minha mesa de jantar.",dev,"I got the product before the deadline, which I was hoping would look really nice on my dinner table.",0
8240e1b32761dd226e5d63dbee7fa6ce,1,"Fiz a compra pensando que era bonecos originais e pra minha surpresa era da China,não gostei e quero a troca ou dinheiro de volta não descrição não diz a fabricação do brinquedo",dev,"I made the purchase thinking it was original dolls and to my surprise it was from China, I didn't like it and I want the exchange or money back no description does not say the manufacture of the toy",0
ff73170d8a9deb95aa4814ddbec217b4,2,entregou faltando um produto,dev,delivered missing a product,0
0d9d92adaf307d05e2a54228263baaeb,1,Quero devolver pois recebi algo que não pedi,dev,I want to give it back because I got something I didn't ask for.,0
ae7b9d753d8f1b80b90c883fbf899d15,1,Comprei um relógio branco me mandaram preto,dev,I bought a white watch. They sent me black.,0
3697c16de989d4eaa7c02074c12564ee,3,"apesar de entregue no prazo demorou bastante. o tampo de madeira foi mal embalado e as pontas ficaram danificadas, saindo um pouco da tinta dessas extremidades. a tampa fica solta sobre os cavaletes,",dev,"Even though it was delivered on time, it took a long time. the wooden top was badly packed and the tips were damaged, leaving some of the paint from these ends. the lid is loose on the easels,",0
44cd45eb9c2cfb1d0afabaa1e09866a9,5,Muito bom,dev,Very good.,0
95fa991599515176d1b8d904136dc980,2,"Cortina branca, com costura marrom , costuras torta. Já comprei cortina nesse valor mais com bom acabamento",dev,"White curtain, with brown seam, crooked seams. I already bought curtain in this value more with good finish",0
8f3764fe7ac38bb8d0f8b624fd110729,4,Blz,dev,Blz,0
33105db9509c02df1f95c0b3e820da9b,5,Muito comfiavel,dev,Very comfy.,0
5ad171e2befd146aac220f83acc3e019,1,Nao recomendo comprei uma cortina é veio só as varetas de colocar as cortinas,dev,I don't recommend buying a curtain is just came the sticks to put the curtains,0
32247878e34bd6e8d7dbf7b31a4ae0b0,1,Meu produto não foi entregue até o momento!,dev,My product has not been delivered so far!,0
2e6ec612df2ad503c839b73a704566cf,1,Ouve um problema e a entrega não foi realizada quero o reembolso,dev,"There's a problem, and the delivery hasn't been carried out. I want the refund.",0
1beb542e12be99601ae98b99b17bebcf,2,Mercadoria demorou muito para chegar! E recebi com avarias.,dev,Merchandise took a long time to get here! And I got it with malfunctions.,0
bd5b719a13539def7dc1a284845f1fcc,2,3,dev,3,0
8937ffc793129f6dc2fe84b03645bfda,2,Comprei o tapete para presente e infelizmente veio menor do que o anunciado,dev,I bought the rug for the present and unfortunately it came smaller than the announced,0
617b07f821dbf830a8b233dbebe4d6dd,5,"Ótima loja, não tenho problemas. Melhor do mercado.",dev,"Great shop, I don't have a problem. Best in the market.",0
c18636fae81657b65354a21fdffed916,3,"Produto de ótima qualidade, chegou como descrito. Mais a entrega foi mais do que o esperado. Deixou a desejar no tempo de entrega. MUITO DEMORA",dev,"Product of great quality, arrived as described. Plus the delivery was more than expected. You left it to be desired in delivery time. MANY TIMES",0
6f663880c729aade8b91abd4e88c55e2,5,A mercadoria chegou antes do prazo. Recomendo.,dev,The goods arrived before the deadline. I recommend it.,0
96a20cec700f8a78916f337c0dc591a6,2,"Comprei o relógio todo preto, com fecho preto, porém veio com fecho prata, e comprei com nome MVTM escrito dentro do relógio, veio sem o nome, na foto fecho preto, e com nome MVTM, não veio assim",dev,"I bought the watch all black, with black clasp, but it came with silver clasp, and I bought it with the name MVTM written inside the watch, it came without the name, in the photo black clasp, and with the name MVTM, it didn't come like this",0
80ed4d2f7087ac639fea2ca563a18ab1,3,Relogio não marca com precisão as horas no ponteiro. E o botão de regular simplesmente saiu.,dev,Clock does not accurately mark the hours on the hand. And the regular button just came out.,0
4991c3612ddb56bf3c9ec48b1fe46e7b,2,MUITO BOM,dev,Very good.,0
c088a2d85eb24f956491d879b56f8fc7,4,SEMPRE GOSTEI DAS LOJAS AMERICAS,dev,I've always liked American stores.,0
a8886e28d64275e6cb90eca7a708d490,3,"O produto é bom, mas o vendedor precisa ficar atento a qualidade do produto. O meu produto veio com um furinho, que parece ser de alfinete, mas que para mim, ficou escondido. No geral, o produto é b",dev,"The product is good, but the seller needs to keep an eye on the quality of the product. My product came with a hole, which appears to be a pin, but for me, it was hidden. Overall, the product is b",0
ddb3a4c9c0dc5ead130ca903e9806687,2,Recebi apenas 1 kit de quadros. Estou aguardando pelo outro kit.,dev,I only got one painting kit. I'm waiting for the other kit.,0
9a8df2e4464fb7a7de8e3e344ea2926b,1,"Produto de péssima qualidade, nada haver com a foto. A saia não é reta igual na foto, fica cheia de pregas. Não compram, só queria o meu dinheiro de volta!!!",dev,"Bad quality product, nothing to do with the photo. The skirt is not as straight in the picture, it's full of folds. They don't buy, I just wanted my money back!!!",0
9aa8d732bbb721f34fb279ba1e81b67b,1,Até o momento não recebi o produto pago,dev,So far I have not received the product paid,0
e9b8f341b27e7accdc85270a9ae00b1f,2,Não recebi,dev,I didn't get it.,0
25b2debdb819fe30c18b25bf826450a0,4,Muito bom,dev,Very good.,0
a27d8fcc8901cc9acd3b53416c81c7e2,5,Gostei do produto foi realmente o que comprei na lojja recomendo a todos,dev,I liked the product was really what I bought at the store I recommend to everyone,0
7820e042d799dd69201561dd814ded7c,2,"Compra de dois produtos com previsão de chegada para ambos em 05/09/2017, porém apenas um produto foi entregue até o momento. Então o Relógio Digital Mormaii Acquarela FZU8C chegou e outro não.",dev,"Purchase of two products with arrival forecast for both on 05/09/2017, but only one product has been delivered so far. Then the Mormaii Acquarela Digital Clock FZU8C arrived and another did not.",0
92cad777ca11c6bd78a123c70efc0062,5,Gostei muito do produto e da experiência de compra do baratheon..,dev,I really enjoyed the product and the baratheon shopping experience.,0
58b704fb84caaafe245f49cb9f71a34c,2,Não recebi a capa De sofá. Estou aguardando e não estou informada de quando virá,dev,"I didn't get the couch cover. I'm waiting, and I'm not aware of when you're coming.",0
3ee2ef301845e87fb4c6572eaa993336,3,"gosto muito de comprar nas lojas lannister, sempre fiel no prazo de entrega, vou continuar comprando sempre que precisar. o problema foi só esse controle paralelo não funcionou mesmo.",dev,"I really like to shop in Lannister stores, always faithful on delivery time, I'll keep buying whenever I need to. The problem was just that parallel control didn't really work.",0
2e809b95391bbfb7119a46b1a4df9508,4,"Produto top pra quem que apaixonado por fazer drinks, recomendo o produto e a loja tbm que entregou no até antes do prazo.",dev,"Top product for those who love to make drinks, I recommend the product and the tbm store that it delivered in the until before the deadline.",0
8186bdc146b4f2d9b977c12a9df0fccd,2,"Atraso na entrega(a qual já possuía um prazo mais do que suficiente), logo não consigo avaliá-lo positivamente, muito menos opinar a favor da transportadora.",dev,"Delay in delivery(which already had more than enough time), so I cannot assess it positively, let alone give an opinion in favour of the carrier.",0
ce9216938c0d5f706b0dabfb875fbd63,4,Produto entregue sem problemas.,dev,Product delivered smoothly.,0
360c0dcd08e788454e8907f7b741f24a,3,"A qualidade do produto muito aquém do anunciado. Embora citado como percal de 180 fios, na realidade é apenas tecido comum 80% algodão e 20% polyester.",dev,"The quality of the product well below that announced. Although cited as a 180-wire perch, it is actually only common fabric 80% cotton and 20% polyester.",0
2e90cd06b97055b4fe10c7b26662980d,5,ok,dev,Okay,0
de40ba8436ccad47adf4dcb73aaa5463,3,"Foi entregue antes no prazo, mas comprei 2 produtos da mesma distribuidora, cobraram 2 fretes e entregaram em dias diferentes.",dev,"It was delivered earlier on time, but I bought two products from the same distributor, charged two freights and delivered on different days.",0
ae780cf5942c31299d7c737468775027,2,Eu estava esperando um de moto e veio um de bicicleta,dev,I was waiting for a bike and one came by bike,0
bce1e925f3d710c40d2421ba9554c075,5,Chegou antes do prazo esperado,dev,It arrived before the expected deadline.,0
ce1bdb912329a875e92bcfe8081c283b,2,"Nem pude testar o produto, nem sei que bateria usá-la, manual em inglês, veio sem bateria, onde adquiri-la?",dev,"I couldn't even test the product, I don't even know which battery to use, manual in English, came without a battery, where to get it?",0
f5e80c8192e74de7ba46efee4939cf8b,4,A ENTREGA PODERIA SER MAIS RÁPIDA,dev,The delivery could be faster.,0
db0d95048c4a3ecb15d59c479eab3552,5,Apenas embalagem aberta..acho q devido transporte,dev,Only open packaging..I think q due to transport,0
2e57e472d7b0284e73821af34ece8001,4,Pedi de Baunilha e recebi de CHOCOLATE,dev,I ordered it from Vanilla and got it from CHOCOLATE.,0
acf97a6a9e69ba14150422de35fd5afe,2,Pilha Recarregável Kit 4 Pilhas Aaa 2700 Mah 1.2v Ni Mh,dev,Pack Rechargeable Kit 4 Batteries Aaa 2700 Mah 1.2v Ni Mh,0
3cda01b6a2349ac9c88a9ab410eb2534,2,"Não considero que recebi o produto exatamente como imaginei, pois na imagem ilustrativa constava uma capa para a garrafa térmica, a qual não acompanhou o produto, não comprei em outra loja mais barata",dev,"I do not consider that I received the product exactly as I imagined, because in the illustrative image there was a cover for the thermal bottle, which did not accompany the product, I did not buy at another cheaper store",0
854e0f3939e7c6d85146e5638ad71aed,3,e bonita mas pensei que foce melhor,dev,And pretty but I thought it'd get better.,0
89f820429b1db81e8641b5dfacd072b5,5,entrega rapida e o produto veio em perfeito estado,dev,fast delivery and the product came in perfect condition,0
bc2b53da5728cdf44996ccf16bc9f785,2,Um dos cubos veio danificado(tipo amassado),dev,One of the cubes came damaged (type dented),0
27dec7f707fdd3c00c8d9884abb0bde8,5,Produto com qualidade e os serviços de entrega ótimo,dev,Product with quality and optimal delivery services,0
afb6b942609ed1033530e06710458bed,2,"Quanto a compra faltou a opção da fragrância , pois eu tinha interesse era no almíscar, no mais o que veio perde a fixação.",dev,"When the purchase lacked the option of fragrance , because I was interested was in musk, the more what came loses the fixation.",0
89cebf4af4d73752961c0e04e808ffad,4,O produto atendeu às minhas expectativas.,dev,The product met my expectations.,0
7081f72209330c5ce5ffdcdcb59208aa,1,Até o presente momento o produto não foi entregue,dev,So far the product has not been delivered,0
0e249472bec47b0c4b88a8e8bfa8d241,1,Deveriam contratar transportadora e não correio até o momento não recebi minha encomenda,dev,They should hire a carrier and not mail so far I haven't received my order.,0
7c5687a8af2aa3b9c04f104abc94ae6a,3,"O produto chegou no prazo , e com todas as peças , porém algumas vieram com as cerdas tortas ou muito ressecadas , e alguns pincéis são muito repetidos . Fora isso o produto é bom",dev,"The product arrived on time, and with all the pieces, but some came with the pied or very dry bristles, and some brushes are very repeated. Other than that the product is good",0
b27e190e95979136bfff82a9df7631a9,5,O produto é muito bom.,dev,The product is very good.,0
1773b164943bd1c84cc7aceaf966b304,3,"Comprei uma arara de roupas e quando eu acompanho o pedido fala q foi entregue dia 11, mas eu ainda não recebi",dev,"I bought a macaw of clothes and when I accompany the order talks it was delivered on the 11th, but I still haven't received",0
8c1ae1c3899449056faa1eaa2268a441,5,Muito bom.,dev,Very good.,0
f3c6e7d738482de2b650baf678759d11,1,Até o momento não houve o recebimento do produto,dev,So far there has been no receipt of the product,0
d13f126ed378c0ecce5c987b192bdc29,2,Tive a impressão de que o produto era maiorla quando estava com ele em mãos pois no site era diferente mas gostei do produto. ..super recomendo essa loja muitos precisos na data da entrega,dev,I had the impression that the product was bigger when I had it in hand because on the site it was different but I liked the product. ..super recommend this very precise store on the date of delivery,0
30f782b1e1a220fbf8127ba92b16c2c4,3,Cumpriu com os requisitos e em um prazo menor que o previsto,dev,It met the requirements and within a shorter period than expected,0
871f31c05a72c0ae53448ee1b75dff3f,5,"Negociação concluída com sucesso, tudo ok!",dev,"Negotiation successfully completed, everything ok!",0
88b68c2cd3f38d9fa50a6c10d0fe38fe,3,"Gostaria de saber como proceder para receber o produto, pois ainda o quero.",dev,"I would like to know how to proceed to receive the product, because I still want it.",0
d734d7fe2a6274c26a786b6588ca5c0f,3,O produto escolhido foi branco. E veio na cor verde.,dev,The product chosen was white. And it came in the green color.,0
b643181843415816e8f5a1951f1c6404,4,"O produto é bom,tem qualidade e a entrega foi rápida.",dev,"The product is good, has quality and delivery was fast.",0
3b832135ecc38433a22f120fbf642c22,3,"Foi entregue no prazo, mas ainda assim achei que demorou demais.",dev,"It was delivered on time, but I still thought it took too long.",0
4666b63a58431ce9a3a21341ec6fa6fb,1,nao quero falar nada,dev,I don't want to say anything.,0
ed357e477438655fc5cd276c389df802,5,Só estou esperando a outra mercadoria que ainda não chegou foi comprada primeiro do que a que chegou.,dev,I'm just waiting for the other merchandise that hasn't arrived was bought first than the one that arrived.,0
bfa15d2ffe85e80b23c24c0cacd265df,5,"Produto muito bem embalado, entregue bem antes da data estimada, preço justo!",dev,"Product very well packed, delivered well before the estimated date, fair price!",0
db2ad68a772d476d92bae6d8c9a8eb18,2,"Produto recebido divergente ao comprado, gerando frustração e perda de oferta de outras opções analisadas.",dev,"Product received divergent from the purchased, generating frustration and loss of supply of other options analyzed.",0
5d2e4b2e1347683843d8da6af8ef4c6f,1,Comprei duas bolsas mais só recebi 1.... tive problema com a entrega mandei vários e-mails e não recebi nenhuma resposta. Estou muito insatisfeita,dev,"I bought two bags plus I only got one... I had a problem with the delivery. I sent a bunch of e-mails, and I didn't get any answers. I'm very unhappy.",0
24a6c73275200ba7539cfd737c1bd01d,4,"Gostei muito, está aprovado.",dev,"I like it very much, it's approved.",0
88a4a912ad8a2c06304d6045bc9175c0,4,Gosto do respeito e preocupação que vocês tem com os clientes! qualidade e agilidade,dev,I like the respect and concern you have for your clients! quality and agility,0
9980f3a5664ad72cfe3d078359078397,1,Não recebi o produto...Não fui orientado....Não me ligaram....Estou muito puto!,dev,I didn't get the product...I wasn't oriented....They didn't call me....I'm very pissed!,0
0bde3772773c0b44ea240e94f389a238,5,Esse modelo de travesseiro não é muuuito alto e é bem duro. É bom para quem busca esse tipo.,dev,This pillow model isn't very loud and it's very hard. It's good for those looking for this guy.,0
ef8d2046c41b725d72761ecfb0c4b5f7,3,"Produto novo, parece estar tudo certo, porém a caixa nao veio lacrada.",dev,"New product, seems to be all right, but the box didn't come sealed.",0
c7fb406387b394205dd621f576015d91,3,nao recebi a mercadoria,dev,I didn't get the goods.,0
800fc0c9e6cee85231ce506306ab6d3b,3,Bonito e bem levinho.,dev,Nice and smooth.,0
e06bce36254ded26a11fe556ef6e61ed,4,"O produto é bom, fácil de usar, bom para auto defesa.",dev,"The product is good, easy to use, good for self-defense.",0
daf6271596a6c845310b0850b53e45fc,3,"Imaginei que a madeira fosse um pouco mais grossa, achei muito fininha, mas é lindinha.",dev,"I figured the wood was a little thicker, I thought it was too thin, but it's cute.",0
409934c79bbf9e7ad12a9cbb819a84ca,3,"Mandei e-mail para lannister, mas ainda não respondeu, deram prazo de dois dias úteis que irá encerrar hoje.",dev,"I e-mailed Lannister, but he hasn't responded yet. They've given us a two-day deadline that will close today.",0
f68a5ca5f1b8d3cf201aea151be903f7,5,Entrega rápida ! tudo certinho !,dev,Quick delivery! All right!,0
6cf47d2b3790e76c16579d87baf005f4,4,Produto chegou antes do prazo final é a qualidade conforme esperada..,dev,Product arrived before the deadline is the quality as expected.,0
7b50ba7a5dce6830597b7d729b440c9a,2,"Depois de um longo e árduo tempo, o produto foi entregue. Acho que ele veio de carroça.",dev,"After a long and hard time, the product was delivered. I think he came by wagon.",0
09b23ea309a83c0f0c402cfaeaaf7d6a,1,"Até hoje, 17/05/2018 ainda não recebi o produto, não consta nem a chegada a minha cidade. O pedido foi feito em 02/04/2018",dev,"To this day, 17/05/2018 I have not yet received the product, there is not even the arrival in my city. The request was made on 02/04/2018",0
44f034d47317b63dcfd151dceffdb56d,5,Ótimo produto,dev,Great product,0
f29d95b94e73fb94b4cef9306c9a88fc,3,Nao gostei do produto...quero devolve-lo.,dev,I don't like the product... I want to give it back.,0
6a817364a1bb1e3a0f509ad6ee9259e5,5,Ótima emoresa coerente com o serviço de entrega e também com os produtos,dev,Great emora consistent with the delivery service and also with the products,0
c33eebba04254309536b77c05a32b429,1,Produto veio errado e com um pedacinho do pano rasgado,dev,Product came wrong and with a little piece of torn cloth,0
f12ec97a0a13728871b1052231495d92,4,otimo vendedor,dev,Great seller,0
0da00a48a70968981bd5a1b14b4d73a1,4,Solicito melhoras no prazo de entrega dos produtos.,dev,I request improvements in the delivery time of the products.,0
d70ebccea0c71bc11c9df308a94b213a,4,"Apesar do produto ter vindo corretamente, faltou uma tiara de cabelo que deveria fazer parte do conjunto.",dev,"Although the product came in correctly, there was a lack of hair that should be part of the set.",0
0c2fe609b2876204b49b19e7f1dabed0,4,"Excelente produto e atendimento, chegou antes do prazo.",dev,"Excellent product and service, arrived before the deadline.",0
b2c87db966cf97ccc4f7528b239c3c1b,1,meu produto era pra ser entregue dia 06/03/2018 e ate agora nada,dev,my product was to be delivered day 06/03/2018 and until now nothing,0
efc93cd492dbd5db74b7cc8a640dd343,4,aaa,dev,aaa,0
add9782b2194da1b69ee64658dd49299,5,Muito bom,dev,Very good.,0
d81b61df8236876db86a271fb8f6a24f,4,Bom produto. Atende as expectativas. Igual ao anunciado.,dev,Good product. Meets expectations. Just like the announcement.,0
e3054ac06692e5d5f9fd3499a92c4953,3,"Paguei o frete mais o produto não chegou em minha casa, tive q ir buscar nos correios.",dev,"I paid the freight plus the product didn't come to my house, I had to pick it up at the post office.",0
5ef92067b11aa8f999ace9e9edcda377,2,Recebi apenas a bolsa a cortina não recebi.,dev,I just got the bag the curtain didn't get.,0
7e0f1dbfe47241f795a87b8608543ab1,1,O produto não foi entregue. Nem se quer chegou em casa.,dev,The product was not delivered. You didn't even get home.,0
a75f894a4aa1656702bb495a128dd790,2,"Recomendo a loja, porém sempre tem algum ponto à melhorar e a sugestão é p/ logística, pois a compra foi efetuada dia 16/03 e até o momento não foi entregue, ou seja, quase 1 mês e ainda não recebi.",dev,"I recommend the store, but it always has some point to improve and the suggestion is p/ logistics, because the purchase was made on 16/03 and so far it has not been delivered, i.e. almost 1 month and I have not yet received.",0
09e543d8be5911076628e46bcf674dfb,2,O produto veio diferente do anuncio,dev,The product came different from the announcement,0
e6c403e3b4568d3e6adb4afa4e0b15a7,4,Sempre que tentei rastrear meu produto o site estava fora de funcionamento,test,Whenever I tried to track my product the site was out of order,1
25b8671a1c3cdbb52d1a5b9ba536b735,1,gostaria de saber como faco para receber o produto que realmente comprei e devolver o produto errado.,test,I'd like to know how to do it to receive the product I actually bought and return the wrong product.,1
bd22dc7bf5bfbb44fb5ca79e97bea66d,4,Produto chegou dentro do esperado.,test,Product arrived as expected.,0
aee72c0f293739ab9450a25d7966c5b1,2,"O pedido tem duas etapas, uma foi entregue a outra não. Estou aguardando, são fintas para impressora do computador. Grata por receber o produto e poder continuar prestigiando as Lojas lannister",test,"The order has two stages, one was delivered to another no. I'm waiting. They're computer printers. Thanks for receiving the product and being able to continue to honor the Lanister Stores",1
81b59829eba5753d650607051c099bf8,4,boa,test,Good.,0
ef24da08194c5d94e8ba55a76a0a79d7,4,muito boa loja,test,very good shop,0
6eb22fdbb42ecce1a902bab10ce2520c,1,Me entregaram um tapete errado. Estou aguardando providencias,test,They gave me the wrong rug. I'm waiting for arrangements.,0
1e3e28659862bc10110059d2c0d9c951,5,produto bom recomendo,test,Good product I recommend,1
60166b2fdd825bf671db9efb27160b2b,2,"Comprei dois produtoa iguais,só recebi 1.gostaria de saber quando vou receber o outro!!",test,"I bought two similar products, I only got one I'd like to know when I'm getting the other one!!",0
3efde455a70acf9ae06ff5d508ec843e,1,"Produto de péssima qualidade.A arara é mole e fica quando coloca as roupas, (coloquri poucas camisas sociais do meu marido) mesmo não sendo pesadas a mesma fica torta.PÉSSIMA",test,"Poor quality product.The macaw is soft and stays when you put on clothes, (I put on few social shirts of my husband) even though it is not heavy the same gets crooked.",0
3441c8b3f9d14f2b1b2ac7097a54bc1e,4,"Muito bom, gostei do produto.",test,"Very good, I like the product.",1
33f412dfcf8f9cdc5f740d41b46a0105,4,Satisfeita com o produto. Entregue bem antes do prazo esperado...,test,Satisfied with the product. Delivered well before the expected deadline...,1
d7debc9bd20a58fd42365f7ac3595ec0,5,"Produtos de ótima qualidade, chegaram bem antes do prazo determinado. Recomendo.",test,Good quality products arrived well before the deadline. I recommend it.,0
b6acb139437f17b1f3d1153eea3b69c3,1,Data de entrega era dia 27/03 e ate hoje não recebi nada.,test,Delivery date was 27/03 and until today I received nothing.,0
eb76b6dc2f62d548b9823eab120860e7,5,"A loja parceira da stark distribui um bom material e envia o produto no prazo. Entretanto, os Correios é que atrasam na entrega. Seria interessante mudar de transportadora.",test,"Stark's partner store distributes good material and sends the product on time. In the meantime, the post office is late on delivery. It'd be interesting to change carriers.",0
aede278d0dd9182f87f2d3eafe5193ff,5,Tudo conforme combinado!!!!!,test,Everything as agreed!!!!,0
d10578b3fd2bbb6c71b849464e5797e1,3,Gostei as duas são de um bom tamanho e o material condiz ao preço,test,I like the two of them are of a good size and the material matches the price,1
35ba7ad25a358ac07db7b40b5124cec3,4,"Estou aguardando meu pedido,mas recomendo sim",test,"I'm waiting for my order, but I recommend yes.",0
a30bfc3a9fb4ea43dc2ad7c62e3336f4,1,"Estou muito chateado, pois comprei um tapete e nao recebi, estou tentando resolver a questão de forma",test,"I'm very upset, because I bought a rug and I didn't get it. I'm trying to sort it out.",1
24f00eba0159ef0cd56a8effaa5a1f1f,5,Produto chegou bem antes do previsto!!!,test,Product arrived well ahead of schedule!!!,1
e0c4b71fd8e3568771dfdc8f15cb92fd,5,Produto chegou antes do prazo,test,Product arrived before deadline,1
1d6e2d9ccf03dee4f8f607e30d415e5f,4,deveria ser mais rapido,test,It should be faster.,0
f8e05c231b557ae4c8d4d7c04acab1be,5,Navalha muito bonita!!,test,Very beautiful razor!!,0
4aa134d0442be7af50140912163a759d,4,Ótimo produto,test,Great product,0
c115d70e627fe685b76977a1e4b11f7d,5,"Produto maravilhoso, entrega super rápida. Pincéis fofinhos e de boa qualidade.",test,"Wonderful product, super fast delivery. Cute, good-quality brushes.",0
a20c24976e5130fdc8ac993ecd6b649b,2,O produto chegou rasgado,test,The product arrived torn,0
c615eca500f9790fd6e57a93fe39668e,4,"Muito lindo, chegou no prazo e certinho",test,"Very beautiful, arrived on time and right",1
93fed3bfeceaecc1ee4888ae3d347d64,1,Comprei esse celular na targaryen.mas não é produto nacional e sim da china.quero o cancelamento aguardo o número de postagem é o estorno no cartão.targaryen nunca mais compro nada.,test,"I bought this phone at targaryen.but it's not a national product, but it's from china.I want the cancellation to wait for the posting number is the blur on the card.targaryen never buy anything again.",1
147437b1c8aefa55bb87dc188b325016,1,Ha tres días enviei o acontecido nem stark nem a targaryen deu retorno. Recebi um adesivo danificado e o outro não recebi. Solicitei cancelamento e não tive retorno? ????,test,"Three days ago, I sent out what happened, neither stark nor targaryen returned. I got a damaged patch and the other one didn't get it. I asked for a cancellation and I didn't get a call back? ♪ that's it ♪",0
a7311582692d9983369ba5e4ca83b59b,4,devolvido ao Correio por engano da Portaria,test,returned to the Post Office by mistake of the Ordinance,1
100a83fa38ff0c64de6df4c673593f21,1,Comprei um produto que não estava disponível. Sugiro que revejam o site a cada hora para evitar este tipo de transtorno.,test,I bought a product that wasn't available. I suggest you review the site every hour to avoid this kind of disorder.,0
c4f4b32bebd6d4b43497d9d59517c6af,5,OTIMO,test,Great.,0
e4ff4eda33ac2bf9cbb8c3b4debaa229,2,"Boa tarde, o produto era para ser entregue até o dia 26/07, e até agora não recebi.",test,"Good afternoon, the product was to be delivered until 26/07, and so far I have not received.",0
2ab74273b890cbfd1e4d60a5a0651c45,1,Recebi somente uma unidade e paguei duas.,test,I only got one unit and I paid two.,0
27196b28176f35cecb9364dbf09cd10c,1,"Fizemos a compra no inicio do mês, já pagamos o produto e não o recebemos. A lannister, por ser uma empresa séria, deveria acompanhar mais de perto os parceiros com quem trabalha. Muito insatisfeito",test,"We made the purchase at the beginning of the month, we already paid for the product and did not receive it. Lannister, because it is a serious company, should follow more closely the partners with whom she works. Very dissatisfied",1
c192a63d1856a61e358232e5e4283549,1,"Mandaram uma churrasqueira de marca diferente que estava no site, chegou toda oxidada, estou no aguardo para devolve-lá.",test,"They sent a different branded grill that was on the site, got all oxidized, I'm waiting to return it.",1
af9876b8ea0bc96e69f91898e3dd24fd,2,recomendo,test,Recommend,1
bfc09a1f0c25985c969a7a048f38adda,2,O espelho veio muito arranhado péssimo.,test,The mirror came in very badly scratched.,1
331b518c7ae1cb3b9b49e033d3dd52d1,2,Infelizmente a descrição e foto não refletem o produto. Produto de baixa qualidade que poderia nunca estar descrito como quadro,test,Unfortunately the description and photo do not reflect the product. Low quality product that could never be described as a picture,0
71fbc1feab3216ba3f837a9dbc36d3db,1,produto de pessima qualidade e a loja nao retora pra eu devolver ja pedi no dia 1 depois q chegou ate agora nada,test,Bad quality product and the store does not return to me already asked on the 1st after it arrived until now nothing,0
bd19504db445780d18cc3db69fde83b2,2,Minha mercadoria não chegou ainda pq ??,test,My merchandise hasn't arrived yet?,0
d63ca21f7dea5e205b17303f92327b1e,1,Tive que buscar no correio maior peso 5 cadeiras e carregar pra casa,test,I had to pick up at the post office the biggest weight 5 chairs and load home,1
b7644857af07ec4f1abc07a7a45ea687,5,Parabens pelo produto. Muito bonito e o prazo fe entrega perfeito.,test,Congratulations on the product. Very beautiful and the perfect fe delivery deadline.,1
c04f014737030c452713c078e9156de6,3,Os dois fones vieram com defeito. Um dos lados não funciona.,test,Both headphones came in faulty. One side doesn't work.,0
6708a86931148ea7164e55c72a6c760b,5,otima mercadoria,test,Great merchandise,1
d406e319ae2919f0ec2c8de39ef1f91c,1,Ate o momento o produto não chegou,test,Until the moment the product has not arrived,0
a3bc63a62749ade8bbe45ffc57138251,1,O produto não foi entregue até hoje,test,The product has not been delivered to this day,0
f19a2dbaf07596ee336198c33d3b6d13,5,Amei....superou minhas expectivas! Produto de qualidade e entrega rápida.,test,I love it. You've outdone my expectations. Quality product and fast delivery.,0
dc4a979120a9a1241aeac60d324dfd07,1,Tá demorando pra valer! Só espero não levar prejuízo!,test,It's taking forever! I just hope I don't get hurt!,0
7ccc16ff4b3600dfec5913c529929242,3,infelizmente o produto chegou ontem o tecnico instalou e nao funciona em nenhum dos notebboks como faço?vou ate a loja hj,test,Unfortunately the product arrived yesterday the technician installed and does not work on any of the noteboks as I do?I will go to the store hj,0
b1b19b6aba8df9aabe830e84fa2ae9ef,4,"Chegou dentro do prazo, ótima qualidade ,porém veio um pequeno arranhão, mais recomendo",test,"Arrived on time, great quality, but came a small scratch, more recommend",0
5c0ad8ec1c7d2b0e5592ed9f4fdb15b6,4,Muito bom.,test,Very good.,1
b3dfc20134aebfb5635fa47fb4045be1,4,Gostei do produto. Mas deveria vir com um manual de instruções.,test,I like the product. But it should come with an instruction manual.,0
1d24c337156d41b1bbcdceee67212aba,3,"Boa tarde , comprei produto para 110V , porem veio 220V. Gostaria de trocar o mesmo.",test,"Good afternoon, I bought product for 110V, but came 220V. I'd like to change the same.",0
e25ca734f78e3f17b5f55ec378344c0c,3,A tela do encosto veio furada. A cadeira parece frágil e pende para os lados quando se senta nela.,test,The backseat screen came through. The chair looks fragile and hangs sideways when you sit on it.,1
f99ff17e430a53efe61d359faa3b425e,3,SOLICITEI DEVOLUÇÃO. PRODUTO COM DEFEITO,test,I've asked for a refund. Product with defect,1
033790236c8e168eb38e5268d82b11cc,1,meu produto não foi entregue ainda ..,test,my product has not been delivered yet..,0
646d12037f2ea8ca1f79eee28cafce92,5,A entrega foi ultra rápida... recomendo.,test,The delivery was ultra fast... I recommend it.,1
f436d913b24e86f7520f537fc803c88b,5,Gostei muito. Recomendo!Produto de qualidade e entrega rápida.,test,I like it a lot. Recommend!Quality product and fast delivery.,0
0412a2190814b96ced181c2d6ccf8121,2,"Produto da China, no qual a marca Targus não é o verdadeiro fabricante.",test,"Product from China, in which the Targus brand is not the true manufacturer.",0
a9815ff889a8e9c67023e892f642edf5,1,nunca fiz uma compra pra receber com tanta demora,test,I've never made a purchase to get paid so long.,0
a0af7df4da04e7debc5696dbf084a6f3,5,Otimo,test,Great.,0
a7e8a7308b20e80a1874e80615e80b8f,2,"Seu processo em minha opinião esta errado por não haver quem atenda a chamada para tirar dúvidas, essa compra foi altamente estressante, pois só depois de um tempo consegui resolver meu problema.",test,"Your process in my opinion is wrong because there is no one answering the call to ask questions, this purchase was highly stressful, because it was only after a while that I was able to solve my problem.",1
b98b5439161b0cb2c4b70928380064cd,1,"demora, paguei um absurdo no frete ainda não chego, eu reclamei para correio para a lojas amiricanas, o correio falo q não pode faser bada q eu tenho q esperar, ja passo do prazo de entrega",test,"delay, I paid an absurd freight not yet arrive, I complained for mail to the American stores, the mail phallus q can not phase bada q I have to wait, already the deadline of delivery",1
d54fba66ce0ba0004bcdf58476d5f51b,2,nao recebi o produto,test,I didn't get the product.,1
44d06866a30a687872b8c92fec98eb7e,3,"lannister é legal, mas essa loja terceirizada tem um prazo de entrega de quase 1 mês. Afff...",test,"Lannister is cool, but this outsourced store has a delivery deadline of almost a month. Afff...",0
52b42c74982653dfd947b0d61c3d5457,4,Super indico,test,Super indico,0
19bcd519446d68b7ffd7140431dbf36f,5,Produto foi entregue muito rápido.,test,Product was delivered very quickly.,0
87c1e3d2d797fc76ae1f2fb4af0b7784,4,Gostei do produto era o que estava precisando.,test,I liked the product. That's what I needed.,0
48c56a379fc14438fa75ed2769b94ed5,5,O produto foi entregue dentro do prazo e chegou em perfeito estado.Estou satisfeita.,test,The product was delivered within the deadline and arrived in perfect condition.I am satisfied.,0
cb672f786b4ba16b55a0a56529bacea9,4,Excelente loja! Entrega tudo no prazo.,test,Excellent shop! You deliver everything on time.,0
2069ac496c59c3c861f76550436a5ea9,1,Não recomendo uns loja online que descumpre prazos e não fornece um atendimento ao consumidor satisfatório,test,I do not recommend an online store that does not meet deadlines and does not provide satisfactory customer service,0
118e180ad70a009dd6fbb31c246763c9,1,Foto mostra uma coisa o produto é outro como sempre,test,Photo shows one thing the product is another as always,0
ab67832c50b56b94fe2c8921feded356,5,"Chegou antes do prazo, muito boa compra!",test,"You've arrived before the deadline, very good purchase!",0
bcfb4a6b627aa3ca1ac77a8365a8e5e8,3,Ainda não recebi o produto.,test,I haven't received the product yet.,0
85dd73888edd0536e8f8700487955318,5,Super recomendo comprar aqui,test,Super recommend buying here,1
4a15c3168935e164df2af99a0d0e1610,4,Produto muito alem do esperado,test,Product far beyond expected,0
7f836e6d32b627f1ff432c9ae8164dec,1,Produto diferente do desenho da foto,test,Different product from photo drawing,0
0a88e2f3f29cb05ee791d849737af7eb,4,"Suporte muito prático e util, de muita funcionalidade.",test,"Very practical and useful support, of a lot of functionality.",1
896ab188ffe4b1249ef5c7a7a70479db,2,Ainda nao recebi o produto,test,I haven't received the product yet.,0
949ca8a399fa59f0e100303190579997,2,Recebi apenas 2 das 3 unidades previstas. Requeiro verificação e acerto da situação.,test,I've only received two of the three units scheduled. I'm asking for a check and a hit on the situation.,1
19b25891b68e636f73e03d474ca1b984,4,Compra satisfatória.,test,Satisfactory purchase.,0
f2c7d5b7326479aef59d2ed4d6b7f33b,5,Pedido entregue no prazo e o produto na descrição correta conforme no site.,test,Request delivered on time and the product in the correct description as on the site.,0
3aa67af6b9d59576d2a5f704a181c4d5,3,Bom,test,Good.,0
5bb72b5c6644e0372d8df57db897594d,3,"Foi entregue apenas as almofadas , a miniatura de fusca eu não recebi . E não conssigo falar com Ninguen no stark",test,"It was just delivered the cushions, the minibus minibus I didn't get. And I can't talk to no one on the stark.",1
76316bd2809f185e0a111cefad46df74,3,Qdo entro no site e coloca o frete eles dizem que entregam em 1 semana mas demora mais,test,Qdo enters the site and puts the freight they say they deliver in 1 week but it takes longer,1
abea85baffd7018b22455d119288e1a2,1,Meu produto não chegou. Qual a solução?,test,My product hasn't arrived. What's the solution?,1
88d60cc4481778a1ebd5bc404a0643a7,2,Produto muito diferente do que mostra ..material muito fraquinho pano muito fino .. não gostei,test,Very different product than what shows very weak material very thin cloth.. I didn't like it.,0
60e76a159ac80bcaff4930b6b2241805,2,Comprei quantidade (2) e recebi qty(1). Quando vou receber o outro cartucho?,test,I bought quantity (2) and received qty(1). When do I get the other cartridge?,0
845349ae426fbff64f291e629119644a,3,"Parabéns entrega antes da data prevista, um produto bom e barato som do produto muito bom corrir com ele não me incomodo não ficou caindo ou folgando no meu ouvido olha que corrir 8 km recomendo.",test,"Congratulations delivery before the expected date, a good and cheap product sound very good product run with it does not bother me not falling or slacking in my ear look that run 8 km recommend.",0
702651556ae0188de7bf6ba84ddc54d2,1,"Estou ha mais de 1 mes esperando meu produto, e se quer tem um número pra falar com um atendente das lannister!! Só gravação NUNCA MAIS",test,"I've been waiting over a month for my product, and if you want to have a number to talk to a Lannister attendant!! Only recording NEVER MORE",0
6cd42d9ca2289badeb69736cad0eed17,5,"Vendedor ótimo! Produto excelente, entrega antes do prazo",test,"Great salesman! Excellent product, delivery before deadline",0
02aa1cb277f0b399f8f510d844398a3f,3,Muito bom,test,Very good.,1
664f967f531b72c0f45a19662df622a1,2,"Produto demorou a chegar, mas pela gestão do correio, mas veio o produto certinho. O produto é em vinil, faz um pouco de barulho, mas é conforme descreve.",test,"Product took a while to get here, but by mail management, but the product came right. The product is vinyl, it makes a little noise, but it's as you describe.",0
745665420924b9163759ddbdb28a7fb2,1,Prazo longo e ainda atraso na entrega. Até o momento não recebi o produto e não tenho uma satisfação do que realmente está havendo. Segundo correio o produto ainda não chegou ao destino.,test,Long deadline and still late delivery. So far I haven't received the product and I don't have a satisfaction with what's really happening. According to mail the product has not yet reached its destination.,0
9a1502407ccaab2ed1dec189e881d004,2,"Entrega feita no prazo, porém o produto entregue não foi o comprado. Estou tentando resolver a situação.",test,"Delivery made on time, but the product delivered was not purchased. I'm trying to fix the situation.",0
fb95ac3e3e20b0ce31ad54919af48520,3,sempre compro neste site muito bom,test,I always buy on this very good site,0
8ef19c25c547613eb79ff70af80d4f3b,1,Ainda não consegui receber o produto em minha casa.,test,I haven't been able to get the product in my house yet.,0
fd2801e275b556941c39fcc2da082821,5,"Estou satisfeita com o serviço , rápido,bem embalado.E o produto é muito bom.",test,"I am satisfied with the service, fast, well packed.And the product is very good.",0
fffd68e8a9fb73a56a2f504011b0f1f1,1,Produto muito ruim.,test,Very bad product.,0
18bb743974bcb21a67f83dcc4905b4ca,3,solicitei a devolução mesmo assim me mandarão e mandarão errado,test,I've asked for the return anyway. They'll send me and send me wrong.,0
bc411d740ec7edaed657df29563c24f6,3,"Nao gostei do produto, nao limpa a corrente conforme fala no anuncio",test,"I didn't like the product, it doesn't clear the chain as it says in the announcement.",0
d593933879c23951d80347bb32c28af7,3,Achei muito pequeno o produto.,test,I thought the product was too small.,0
707879ba994360a7805bdda512738e6d,1,Comprei dois produtos na loja só veio um. É no site está dizendo que foi entregue os dois. Fiz a reclamação a 4 dias e ainda não tive resposta.,test,"I bought two products at the store, only one came. It's on the website saying it was delivered both. I filed the complaint four days ago, and I still haven't heard back.",0
3030a13c1b62a130df418ed5dd28429c,5,Adorei o produto e ao processo de compra foi perfeito.,test,I loved the product and the purchase process was perfect.,1
6b07bef8d4a0e4c7cb6e76adb343e370,4,recebi o produto em ordem e rápido,test,I got the product in order and fast,0
e9ec48da361dc89f434aa3c356dcab40,1,"Detestei o produto, chegou avariado, todo torno e sem nenhuma graciosidade e beleza, já pedi cancelamento, aguardo providências, reclamei em site especializado e pretendo ajuizar uma ação judicial.",test,"I hated the product, arrived faulty, all around and without any grace and beauty, I've already asked for cancellation, waiting for provisions, complained on a specialized website and intend to prosecute.",0
c62e19e7cd011b989cd45ab8e6d286bf,5,Entrega feita perfeitamente. Recomendo !,test,Delivery made perfectly. I recommend it!,0
7624d50fab69b5c8650357d6bd7040e2,5,Apesar da demora apresentada ao validar o pagamento o restante do processo correu muito rápido.,test,Despite the delay presented when validating the payment the rest of the process ran very fast.,0
fd0e493eac47b2e64aec60efcb2b3dc2,5,Produtos de primeira linha.,test,Top-of-the-line products.,0
ba5d32db98e447802513ec268c0d1b9c,1,PRODUTO PARECE QUE JA FOI UTILIZADO FEIO TUDO SUJO E RISCADO,test,Product seems to have been used ugly all dirty and scratched,0
01aeec294fb418aa779497b302ea10e9,2,"Funciona como casinha para o meu coelho, mas é muito simples, sem acabamentos bem feitos. Parece feita de qualquer jeito, com os grampos e os parafusos por fora. Não traz instruções para montagem",test,"It works like a little house for my rabbit, but it's very simple, without well-made finishes. It looks made anyway, with the staples and the screws on the outside. No instructions for mounting",0
9cf736709973d6c9828eb3ef760c9e9a,5,Entrega rápida,test,Quick delivery,0
36272a624d93914a3fc574b0f9fad77b,2,Chegou o produto errado,test,The wrong product has arrived.,1
c4ec86a4b51469925583dbb4b38b556c,4,Ótimo produto e loja.,test,Great product and shop.,0
fc21202173d915332023865ec08feb8a,2,Estou aguardando a entrega! Sempre compro nas lannister e nunca tive problemas! Espero não ter ahora!,test,I'm waiting for delivery! I always shop at the Lannisters and I never had any trouble! I hope I don't have an hour!,0
82c718f24ecd1b2fac2838c4d5bf7c98,2,"Prazo de entrega 10/05/2018.Hoje já é 16/05/2018,o produto ainda não foi entregue.Tem uma criança de 7 anos que pergunta todos os dias pelo presente de aniversário.",test,"Delivery deadline 10/05/2018.Today is already 16/05/2018,the product has not yet been delivered.There is a 7 year old child who asks every day for the birthday present.",0
a28e78c154334130827d4cbd9a41fc6d,4,Bem bonita...so não gostei da bainha...,test,Pretty... just didn't like the hem...,1
a77a28a890c34ee96007f053886d09d5,4,Tudo correto com o pedido,test,All correct with the request,0
30706b374c811d3c10a8f60a04bf337f,2,"Eu queria lençol branco, mas não existia, então comprei azul. Depois de realizada a compra, disseram que nem o azul existia mais então me sobrou o bege.",test,"I wanted white sheets, but it didn't exist, so I bought blue. After the purchase was made, they said that even the blue no longer existed so I had the beige left.",0
f67d9ead917859754161f7ca97c333b2,3,pecou ao nâo enviar o còdigo de rastreio do correio!,test,He sinned by not sending the mail tracking code!,0
8b661613e0094529f241dd9b5f757fe3,5,"Superou minhas expectativas, voltarei a fazer negócio com certeza!",test,"You've exceeded my expectations, I'll do business again for sure!",0
ac537cbbe14f085e3750f234ee9a6f1e,2,Produto não é original. Qualidade ruim e com defeito (fica oscilando o carregamento),test,Product isn't original. Poor and faulty quality (it keeps oscillating the load),1
803bc61995c2cb72ffcfaa2df54f4260,4,Tudo ok!,test,All right!,0
c91410f72935babe0547a45f223dee17,1,Bom recebi o produto errado a voltagem errada em fim fui enganado pois comprei um produto 220 e recebi 127 sem maleta .,test,Well I got the wrong product the wrong voltage in the end I was tricked because I bought a 220 product and got 127 without briefcase.,1
92eef30e5fc30a92440e557dc9864f47,2,"Até agora não consegui fazer esse troço funcionar. testei vários programas e nada, não reconhece. Meu carro é um Santana 2001.",test,"So far, I haven't been able to make this thing work. I've tested several programs and nothing, you don't recognize it. My car is a 2001 Santana.",0
f28d0b7bed64a9d016ac9b35c266daa2,5,"Continuo aguardando a segunda unidade,feita em outra postagem.Fiz inúmeras compras nesse site sem ter tido problemas.acredito que no referido pedido, também tenha sucesso.",test,"I keep waiting for the second unit, done in another post.I made numerous purchases on this site without having had any problems.I believe that in this request, I also succeed.",0
1fb019733341073b3e9448dd3e5cc08a,4,"Comprei com o intuito da minha filha de 1 ano e 7 meses brincar. Achei o material fraco, mas pelo valor e entrega rápida e o sorriso da minha filha, valeu a aquisição.",test,"I bought it for the purpose of my daughter's one-year-old and seven-month-old play. I found the material weak, but given the value and fast delivery and my daughter's smile, it was worth the acquisition.",0
3da449f3f42e2495affe48dc7060e7cd,3,cortina de blackout normal.,test,Normal blackout curtain.,1
28bd97c0d1bb8fe71145880138994ecc,3,Único ponto negativo é que achei o tamanho pequeno e o tabuleiro não fica fixamente reto.,test,The only negative point is that I found the small size and the board is not fixed straight.,0
86f8ad3c316ab8cf42a11e53cc8c244e,2,Não recebi ainda meu produto.,test,I haven't gotten my product yet.,0
d200688452259b8a3590654e45b3b934,1,Estou indignado esperando meus produtos veio só um até age,test,I'm outraged waiting for my products came only one to act,1
72b1cdc1aaa09984c703d1cce2f2a8a0,2,Não recebi a minha entrega até hoje gostaria de saber E se o Meu dinheiro vai ser devolvido ??problemas com o correio. Aguardo resposta por gentileza,test,I have not received my delivery until today I would like to know what if My money will be returned problems with the mail. I look forward to a kind response.,0
127bab28068e3fbe72d9720c6102034d,4,"O produto foi entregue antecipado, custo beneficio muito bom.",test,"The product was delivered in advance, cost very good benefit.",0
037c350aebf59e9cc4753f0780f9f2f3,5,"sem nenhum problema, recomendo",test,"with no problem, I recommend",0
49e3a388c41aec2711c27fe722b77154,1,Há uma grande dificuldade em contactar o fornecedor para resolver qualquer problema.,test,There is a great difficulty in contacting the supplier to solve any problem.,0
d6d6de3952753e989cb411de9386152a,3,A entrega dos produtos foi muito confusa e fora da data.,test,The delivery of products was very confusing and out of date.,0
16076b67965b62189564a16513d61100,2,O produto não foi entrgue anda e não recebíamos nenhum contato da Empresa justificando o motivo da não entrega do produto,test,The product was not entered and we received no contact from the Company justifying the reason for not delivering the product,0
d741e7f4cf36c3cbe07339b6150048c7,2,Esperei até? o último dia do prazo para entrega e não chegou o meu produto conforme o combinado,test,Did I wait till? the last day of the deadline for delivery and did not arrive my product as agreed,0
c6ded88e64c168b5ca7984f318fb159d,2,Recebi o produto faltando 02 (duas) luminárias,test,Received product missing 02 (two) luminaires,0
1f8b94e577cfcd96218273a824fc594f,1,"Não recebi o produto que comprei, chegou outro modelo menor e diferente e não consigo entrar em contato com o atendimento das lojas lannister.com para fazer a troca. Aguardo retorno.",test,"I didn't receive the product I bought, another smaller and different model arrived and I can't get in touch with the service of Lannister.com stores to make the exchange. I'm waiting for a comeback.",1
8c9d8fd84e6157f1e10ce2677818df4f,5,Recomendo,test,I recommend.,1
f7c56b2de4512deab1b291db542c41e0,4,Meu produto é 2 bateria de 12V 70A foi entregue mas vazou ácido na caixa visível até tirei uma foto,test,My product is 2 battery 12V 70A has been delivered but leaked acid into the visible box until I took a photo,0
060185173e28b4eefc7ccaa0286b96c3,3,"Boa tarde. Toda vez que compro prudutos nas lannister, e que os correios são responsáveis pela entrea, dá prblema. Preciso do produto, por favor me encaminhar novamente, ou devolver o meu dinhe",test,"Good afternoon. Every time I buy prudes in the Lannister, and the post office is responsible for the interlock, it gives prblema. I need the product, please forward me again, or return my money",0
85e03781a16161fcf85ff0d9f4abb4b3,3,"Chegou antes do prazo tudo certinho ,mais trabalhando com o produto notei algumas falhas não foi o que eu espera até pq ser um produto mais novo e de ótima procedência",test,"Arrived before the deadline all right, more working with the product noticed some flaws was not what I wait until pq is a newer product and of great origin",1
ed26528c8c2f341482c9f53603e0a1fa,3,Veio na cor marrom e não preta. Bem simples e leve.,test,It came in brown and not black. Very simple and light.,0
4397b5a1d755e4dd7c74b5ca8fafaf49,4,"Entrega, bem antes do prazo",test,"Delivery, well before deadline",0
097723befab656359201b27b99e044f4,4,"chegou bem antes do prazo, direitinho.",test,"You're well ahead of schedule, right away.",0
cbc6c161f5b027507374792791819bb3,4,"Não recebi o produto ainda. Como o prazo está para até 24/11/2017, estou aguardando. Recebi apenas os 02 (dois) mix da arno",test,"I haven't received the product yet. Since the deadline is up to 24/11/2017, I'm waiting. I only received the 02 (two) mix of the arno",1
ba88cd4bdf8d42057d68e5f986efe90f,3,"Apenas o frete foi muito caro, mais de 100 reais. Restante bom.",test,"Only the freight was very expensive, over 100 reais. Good leftover.",0
4f5d107c9f8bd6f6e840ccf35aeb6a8a,4,Preços excelentes!!!,test,Excellent prices!!!,1
300922ed651d4e16c7b9fc97435b1a10,3,demorou no correio para entregar,test,It took a while in the mail to deliver,0
268eb5c58f1fa85472f94c2f295c2a91,1,Eu recebi um produto! E como descrito na nota eu paguei por 2 produtos,test,I got a product! And as described in the note I paid for 2 products,0
61c929bb0ceba018dc7a9e3a2b6de583,2,Muita demora pra entregar o produto...,test,It takes a long time to deliver the product...,0
8229b89113306bc158b06df124406a33,2,"Comprei um produto e recebi apenas um. Espero que seja resolvido logo, afinal eu paguei por doía, não um apenas.",test,"I bought a product and got only one. I hope it's settled soon, after all I paid for it, not just one.",1
db7f4933045338d6d98665430f6e0b9b,4,Ótimo produto,test,Great product,0
a56cabc25bed2d55ddd1a73c0b791566,3,"Quanto à entrega e prazo do produto, tudo correu bem. Sendo que ao funcionar, o conversor apresentou um ruído intermitente. Gostaria de saber se tem como substituir por outro que não faça ruído.",test,"As for the delivery and deadline of the product, everything went well. The converter presented intermittent noise when running. I wonder if there's a way to replace it with someone else who won't make a sound.",0
831a7717e21032bdd9c73a50a9bc011c,5,Produto chegou dentro do prazo e bem embalado.,test,Product arrived on time and well packed.,1
c0cac22b1f8c6ca9702d4b4cc557159b,3,Solicitei 220 volts e entregaram 110 volts. Desejo o envio das resistências 220 volts,test,I ordered 220 volts and they delivered 110 volts. I wish to send the 220 volt resistances,0
0af1efea47d2a41f700c109c4e5f664b,1,"não receci todas as peças compradas, somente metade das peças compradas",test,"I did not receive all purchased parts, only half of the purchased parts",1
716db2217866eedf84772dbab6536e0e,1,não recomendo por que ate agora minha encomenda não chegou,test,I do not recommend it because so far my order has not arrived,0
11b0e818e5a33eee6c48a43bdfd03567,5,"Super indico, chegou antes da data prevista e estava tudo certinho. Comprarei sempre.",test,"I'll tell you what, he arrived before the scheduled date, and everything was fine. I'll always buy it.",0
380884f53f113319198a99516da2ada4,4,otimo,test,Great.,1
ade43f7a6b7a7b3641ca1844b52d2ff2,4,veio funcionando perfeitamente,test,It's been working perfectly.,0
a4c1fe896610f6b5635b7e213c7a605e,4,GOSTEI DA TROCA DE PRODUTO,test,I like the product change.,1
179527c47972453d440d9f65626945e4,2,"Comprei 2 relógios, mas só foi entregue 1",test,"I bought two watches, but only one was delivered.",1
e057360360ac06fb9abc25efe4505413,2,"Receber com atraso é sempre ruim. O produto deveria ser entregue até 26/04/2018 e até o momento, não foi.",test,Receiving late is always bad. The product was to be delivered until 26/04/2018 and so far it has not been.,0
ea8094a35dd48edc1b7d72628f864774,2,"Produto veio na cor errada, comprei preto veio verdw",test,"Product came in the wrong color, bought black came verdw",1
376699beddd0826c6bb1419e96d4db60,4,recebi corretamente.,test,I got it right.,0
c057776ef72b6bf01392eeb8b4425a00,2,Recebi um email relatando que o produto teria sido extraviado e fiz o cancelamento pois era a bolsa de um bebê Comprei outra e agora recebi a que comprei com vcs agora estou com duas mercadorias,test,I got an email stating that the product would have been lost and I made the cancellation because it was a baby bag I bought another one and now I got the one I bought with you now I have two goods,0
84433d1a97225184d691bdc594dc9bf3,5,"Mto bem atendida, produto chegou super rápido. Obrigada",test,"Mto well attended, product arrived super fast. Thank you.",1
2ea6e440e01a0338db0e07234d4d0b10,4,beleza pura,test,Pure beauty,0
fa8036621e96223d03b9fb0e1f3df59f,1,COMPREI DOIS SUPORTE E RECEBI APENAS 1.,test,I bought two support and only got one.,0
6a097d332c73133f95dc0f13be8c91f5,1,A EMPRESA FAZ PROPAGANDA ENGANOSA EM SEU SITE. NÃO RECEBI A MERCADORIA COMPRADA. ESCREVI E-MAIL RECLAMANDO E SEQUER RECEBI UMA RESPOSTA DO MOTIVO DO ATRASO. ESTOU INDIGNADA COM A targaryen E COM A AMERICA,test,"The company makes misleading advertising on their website. I didn't get the goods purchased. I wrote an e-mail complaining, and I didn't even get a reply about why I was late. I'm outraged by targaryen and America.",0
c7cf13e8aacf00e7953120160ad7ddcb,2,ainda nao recebi meu produto estou aguardando,test,I haven't received my product yet. I'm waiting.,1
87e47107fd6738ae1b706b1b6526836e,5,O produto chegou antes do prazo.,test,The product arrived before the deadline.,0
107345284f11cc53b05e0b31aee8687c,3,A capa não serve para ser usada com motosnaps,test,The cover is not for use with motorcyclesnaps,0
b7ffef3e51e7f9a144bc35c5428beb26,5,Muito bom,test,Very good.,1
4bceca6be791224ab6c646b9c0e8968d,2,Só recebi abolça o kit berco não,test,I just got pocketed the berco kit.,0
5d09d4c6ed0be9f1d2db1b2a0d674b57,3,Gostei venho tudo certinho,test,♪ I like it all right ♪,0
40f3f2804ac4d58fb4c0e5f4138038ae,2,O relógio não era original e a foto do anuncio não batia com o qual recebi. Produto de pessima qualidade.,test,"The watch wasn't original, and the photo of the ad didn't match what I got. It's a poor quality product.",0
5b8bda2b1cd2ef0c4b3f2aca0e06a5f1,4,muito bom,test,Very good.,0
7e3a34981cab2ef0c9d634b58c69eb31,2,"As toalhas muito ruins , finas",test,"The towels very bad, thin",0
a2c049a6af14dd768e4da81ee8ec66bc,5,Otimo,test,Great.,0
f835e13f53c3e7ec33645b9080f24345,3,Muito bom,test,Very good.,1
ec929204a81f57b7d5390b6006e3d437,4,Produto ótimo e entregue no prazo.,test,Great product and delivered on time.,0
a36ae1ce75318daff3ec9d9300aa0ecf,1,"Não recebi o produto, pedi pra reenviar e demoraram pra fazer o processo e me dar um retorno. Acabei desistindo e cancelando o pedido..",test,"I didn't get the product, I asked to resend it, and it took them a while to process it and give me a callback. I ended up giving up and canceling the order.",0
2183705682a589bbe303e721a52ab4af,2,ainda não recebi o produto,test,I haven't received the product yet.,0
525a0244fa390a30fd190386c9523a8b,3,Comprei duas pelúcias e só chegou uma unidade. Está faltando a pelúcia do emoji diabinho.,test,I bought two stuffed animals and only one unit came in. It's missing the stuffed devil emoji.,1
4c9d47ff20c1f102c337c384dfb203c6,5,Falta entregar a dos VINGADORES,test,We still have to hand over the Avengers.,0
e83d6523368e167d0dd4a538da5aef3d,1,Quero saber se vão entregar o produto ou não. Faz mais de 1 mês que eu comprei.,test,I want to know if they're gonna deliver the product or not. It's been over a month since I bought it.,0
368345f5a941e8757376276bf39c5b6d,2,"comprei 2 toner hp ce278a e só recebi 1 e ainda emitiram a nota fiscal com 2 produtos. Estou até agora, esperando a entrega do segundo toner já entrei em contato com a targaryen e ainda não me retornaram",test,"I bought 2 toner hp ce278a and only received 1 and still issued the invoice with 2 products. So far, I'm waiting for the delivery of the second toner. I've already contacted the targaryen and they haven't returned.",0
51597abec4d22261df8817edb40d054d,3,Gostaria que o produto fosse mais específico quando e original ou paralelo so isso mais a entrega foi rapida obrigado,test,I'd like the product to be more specific when it's original or parallel just that plus the delivery was quick thanks,0
4d42cb3d8149bc3027eec26834c85ef7,3,"A cadeira é confortável, mas tem acabamento incompatível com o preço: peças tortas, rebarbas e manchas. Embalagem frágil: chegou se desfazendo a ponto de cair peças da portaria até o apto. Sem manual.",test,"The chair is comfortable but has a finish incompatible with the price: crooked parts, rebars and stains. Fragile packaging: it has come undone to the point of falling parts from the door to the apartment. No manual.",1
bf9977804ffdd2fef346c0033d82551d,4,"Atendeu minhas expectativas, bom",test,"You met my expectations, good.",0
d7a6c3f2e48b5f0d4af324d1feff0052,4,"Muito bom, mas o frete poderia ser mais em conta, já que era um produto não volumoso e nem pesado. Mas de qualquer maneira estou contente em ter recebido a minha mercadoria.",test,"Very good, but the freight could be more accounted for, since it was a product not bulky and not heavy. But anyway, I'm glad I got my merchandise.",0
646d082f181c0a85ca82e8c76619e65a,4,"Excelente produto, entrega no prazo, super recomendo",test,"Excellent product, delivery on time, super recommend",0
ddcca8ce057532203d21477b0fba0b6f,3,Recomendo a compra do produto é muito útil para quem tem outra crianças quase da mesma idade e você precisa estar com as mãos soltas. Pedimos a cor azul marinho e veio preto .,test,Recommend buying the product is very useful for those who have other children almost the same age and you need to be with your hands loose. We ordered the color navy blue and came black.,0
eca2a9f456e929ff7a52e4d30e5ff86c,3,"O produto foi entregue no último dia do prazo, ótimo produto.",test,"The product was delivered on the last day of the deadline, great product.",1
6953c13980fc183745ea3fc0595c0d4e,5,"ótimo produto, entrega rápida.",test,"Great product, fast delivery.",0
e5b36936479799bd9fb1199f437a2544,4,"Chegou dentro do prazo determinado. Não usei o produto ainda, para avaliá-lo.",test,He's here on time. I haven't used the product yet to evaluate it.,0
b1335ab6369036a1935af133cea0b009,3,"Falta entregar o resto dos produtos, dessa vez não demorou, muito da primeira vez demorou um mes e 10. ( vcs deveriam abaixar mais frete de vcs que é muito caro. Obrigada",test,"The rest of the products are still to be delivered, this time it didn't take long, much the first time it took a month and 10. (You should lower more freight from you that is very expensive. Thank you.",0
e08a83d1c352ae6271fabc80c37cdac1,4,Muiuo boa,test,Muiuo good,0
d29968c66327d68d8d226690327d0230,3,"Não recebi meu tapete, mas está marcando como entregue",test,"I didn't get my rug, but it's marking as delivered.",0
b4c41094a19641d77eebaa5d46b87e44,4,"É bastante seguro pra mim é nota dez, muito obrigado.",test,"It's pretty safe for me, it's a ten, thank you very much.",1
66a58cfc4fbde3a2f28cd564fee98965,4,Ok,test,Okay.,0
b70ee7df6663faee96a00f884ac3af02,2,"Relógio chegou solto da caixa, sem nenhuma proteção. Com possibilidade de quebra e riscos.",test,"Clock came loose from the box, without any protection. With the possibility of breaking and risk.",0
c1436b9b126aff5b63ab1b1432f70945,5,Satisfeita,test,Satisfied,0
ddda368c5b27d2924d6c18d948ecd213,5,Produto entregue no Prazo.,test,Product delivered on deadline.,0
e376fba516d314091cb9a9b99e0eb022,5,Recebi antes do prazo.,test,I got it before the deadline.,0
0d8e76313d7990c8232600246077cbcb,3,O Objeto não é igual ao mostrado no site,test,Object is not the same as shown on the site,0
2eaa29b1693a896d561918f6f2d57cfb,2,foi pedido um ptoduto veio outro,test,one ptoduct came another,0
eb54332729674e391d8ea8d580c2bbb2,2,Quando fiz a compra paguei a taxa do frete que não foi barata e depois recebi uma msg que tinha que buscar nos correios de Rocha Miranda e eu moro em Sao Joao de Meriti..,test,When I made the purchase I paid the freight fee that was not cheap and then I received a msg that I had to pick up in the post office of Rocha Miranda and I live in Sao Joao de Meriti..,0
e4e88118020b8c6b5710a7c9eb7bb0b1,2,"Paguei o frete mas não recebi em casa tive que busca nos correios ,longe da minha casa",test,"I paid the freight but I didn't get it at home I had to search the post office, away from my house",0
b90f757ee14d3bf0dcb9138ecb205909,3,"Comprei 2 unidades, cada uma com 4 peças. Porém só recebi uma unidade. Veio faltando uma unidade.",test,"I bought two units, each with four pieces. But I only got one unit. We're missing a unit.",0
3d5feea08877091be2ca9fb2d6f8bda9,3,"O produto não tem a mesma qualidade dos da casa e conforto, é regular.",test,"The product does not have the same quality as the house and comfort, it is regular.",0
db86657e81b2320f1ba3809db698f7f0,4,bom,test,Good.,1
1b25e306afc57422bb307ea4f9e2da7d,4,Quando a mercadoria é entregue pela lannister.COM chega muito mais rápido. Gostaria de saber o motivo.,test,When the merchandise is delivered by Lannister.COM arrives much faster. I'd like to know why.,0
a37f8a55b0a74df93a1d06b9f647d71e,3,Gostei do material levando em consideração o valor,test,I liked the material taking into account the value,0
0e5a69f8a497322569b68988b001b1d6,4,"Amei os potes, recebi super rápido, veio bem antes do prazo. Só que um deles veio faltando um pouco de pintura, mas no geral está ótimos",test,"I loved the pots, I got it super fast, it came right before the deadline. It's just that one of them is missing a little bit of paint, but it's usually great.",1
987deaa0a3ff68c212e8f5dc5806108a,2,"Veio sem um dos ilhós e por isso o tecido nessa parte esgarçou, espero que na troca venha perfeito.",test,"You came here without one of the islets, and that's why the fabric in this part squeaked, so I hope the exchange will come perfect.",1
4d673959ed00ee553d6d299ecc41b1c2,5,Ótimo produto superou as expectativas.,test,Great product exceeded expectations.,0
9cc6f404800104780fd645c3670750e2,1,estou tentando devolver nao é cetim propaganda enganosa duro e aspero,test,I'm trying to give it back. It's not hard and rough deceptive propaganda satin.,0
b7d5be13907b48e623dfa1a4059a153b,5,Excelente! Entrega rápida e o produto é lindo!,test,Excellent! Quick delivery and the product is beautiful!,0
4fce8c660bdc692db94049b1380df74a,1,Até agora não recebir meu produto na minha residência. Fico muito triste pois essa é minha primeira compra pelo baratheon e fiquei insatisfeita.,test,"So far, I haven't received my product in my residence. I'm very sad because this is my first purchase by the baratheon and I'm unhappy.",0
a711e846dd59a0ca9eb0fb4d2c3e9fce,3,Produto barulhento sem controle de volume e não há referencia nas instruções do produto,test,Noise product without volume control and there is no reference in the product instructions,0
dd9456865030e794dd3f9afcaacd162d,1,Uma empresa tão bem conceituada como o baratheon deveria se preocupar mais com a qualidade dos produtos oferecidos pelo seus parceiros.,test,A company as well regarded as the baratheon should be more concerned with the quality of the products offered by its partners.,0
8d53aac69cf5478f532388447c92a4ab,3,Prazo orrivevel,test,Time limit,0
addedbee3c810eb802219c1822a805ec,2,"O abajur veio certinho, porém o ki bolsa, a pequena veio rasgada e agora a troca é uma burocracia. Difícil o pós venda.",test,"The lamp came right, but the ki bag, the little one came torn and now the exchange is a bureaucracy. Tough after-sales.",0
ca98c7973377bc8f976a559e049e7ffb,4,Otimo,test,Great.,0
04966d9afb3e861bfa4b39d98f4b5525,2,depois q chegar avalio novamente,test,I'll re-evaluate after you get here.,1
e6acae33a98861be63cf635525330891,1,As lentes estao com defeito nao sei se a cx toda,test,The lenses are defective. I don't know if the whole cx,0
81f96f2486e7f0cc44ccb5b5d95bb139,2,"Produto c defeito, tentei por várias vezes, mas foi muitas, devolver o produto abrindo chamado na lannister e não consegui.",test,"Product c defect, tried several times, but it was many, return the opening product called on the Lannister and failed.",0
75ed80f68d731eeb23e6b508e5cb9fbd,2,Gostei mas veio com a mola de apoio das folhas quebrada de resto está perfeita,test,I liked it but it came with the spring of the broken leaves from the rest is perfect.,1
697ba8d58ffbf4c6231b1f5cb86d8d04,4,Produto entregue no prazo. Recomendo,test,Product delivered on time. I recommend.,0
bc4db92eac2c89713673b8cf2988cd28,4,O site da stark demorou a me informar!,test,Stark's website took a while to fill me in!,0
b3d36e9ea67e016c0e9e6e3e2f96c941,1,Não recebi ainda o produto,test,I haven't received the product yet.,1
74d3ddaeada7d93ce7c3bf5486d14bce,1,"Faltou a metade do pedido, ou seja, as fronhas em número de oito da cor bronze não foram enviadas.",test,"Half of the request was missed, that is, the pillowcases in number eight of the bronze color were not sent.",0
631e85fbf852781ae287b35da46f1096,3,"Sei que não é culpa do produtor, mas essa capinha não protege a câmera",test,"I know it's not the producer's fault, but this little hood doesn't protect the camera.",0
ed5bd3de64c73ec8715356125234ff4f,5,"Ótimo, super recomendo! Produto conforme descrição.",test,"Great, super recommend it! Product as described.",0
94ab1c464245e8c1d325d193ea12f0a2,4,Achei muito caro o custo do frete.,test,I found it very expensive the cost of freight.,0
696a80628f16220233a31cab1ce3ef30,2,Linda.entrega rápida... parabéns,test,Beautiful. Fast delivery... Congratulations.,0
7661ab2dc54ad7cdbe8e591edaaa0723,1,Eu pedi 6 unidades me entregaram 1.,test,I ordered six units to give me one.,1
d95ae1927e0599911eb1d86a5abf176a,5,adorei comprar esse produto.recomendo a todos pois chegou antes do prazo,test,I love buying this product.I recommend everyone because it arrived before the deadline.,1
b5a9c11a10ed92eb226c9e870c29a1c7,3,Prazo muito longo pra receber,test,It's too long a time to get paid,1
4ddc0f0a99bebd88247dcfed0480bb41,3,Só não gostei porque tive que sair do meu trabalho para ir busca o produto nos cordeiro Porque eles não fizeram a entrega.,test,I just didn't like it because I had to get out of my job to go get the product from the lambs because they didn't make the delivery.,0
68ab95a8aa59bdd29c944282b79614de,3,entrega Rapida,test,Rapid Delivery,1
242ded791a21376dd83a9affcec58ee3,5,Recebi o produto corretamente e antes do prazo estimado.,test,I received the product correctly and before the estimated deadline.,0
08dd4e7efdf993d018ddae0a6db1f4c1,2,Porém na foto tem três buchinhos e só veio 1..a foto confundi e o produto muito pequeno.,test,But in the photo there are three little bushings and only came 1. the photo confused and the product very small.,0
f4d6505024eec5f3fc6f7030cc7a5073,1,"Pelas descrições do site, trata-se de um produto original, em nenhum momento está claro para o consumidor (conforme previsto em estatuto) que se trata de um cartucho compatível.",test,"From the descriptions of the site, it is an original product, at no time is it clear to the consumer (as foreseen by statute) that it is a compatible cartridge.",0
65128c95d2309170ba0cba5492047e06,3,Achei um pouco demorado a entrega,test,I thought the delivery was a little slow.,0
cdaaa8d76a6945c52889eca8b12b75d5,1,"Não recebi o produto. Ainda na espera! att, Mário.",test,"I didn't get the product. Still on hold! Att, Mario.",1
0f4f901f29f85eb7eb6e03bdbddaa101,1,"A cadeira que eu comprei não chegou, me enviaram outra, além de esperar quase 1 mês o prazo de entrega do produto ainda recebemos errado.",test,"The chair I bought did not arrive, they sent me another, besides waiting almost a month the delivery deadline of the product we still got wrong.",0
529b6c617623b1d7c6a580bf65013045,1,"Não recebí o produto, e mesmo tendo comunicado ao baratheon o que ocorreu me recomendaram aguardar 02 dias que a loja me contataria e isso não aconteceu. Exijo uma solução imediata.",test,"I didn't get the product, and even though I told the baratheon what happened, they recommended that I wait 02 days that the store would contact me and that didn't happen. I demand an immediate solution.",0
fa2ed629996a49a8245746612ca56971,3,O poblema é só a demora,test,The problem is just the delay,1
1f5e1aefc938520dcd8a4b301af99f67,5,Foi a primeira vez que comprei nas lannister e gostei muito... espero sempre ter resultados satisfatórias nas demais compras Parabéns,test,It was the first time I bought it in the Lannisters and I liked it very much... I always hope to have satisfactory results on the other purchases Congratulations,1
5205a32c65ecbde12d5c1bbb311ef5ec,3,"Recebi o produto errado, ao tentar entrar em contato com a stark não obtive sucesso. Tentei entrar em contato com a empresa parceira do sub Marino e tb não consegui. o telefone restrado no CNPJ na",test,"I got the wrong product, trying to get in touch with the stark didn't succeed. I tried to get in touch with sub Marino's partner company and tb couldn't. the phone restrated on CNPJ in",0
15cb66fca6bc4b85dd1346951f5b4a79,3,"Chegou dentrou do prazo, porem a cortina estava um pouco torta na parte inferior, achei a parte em pvc ""fina"", frete caro.",test,"It arrived within the deadline, but the curtain was a little crooked at the bottom, I found the part in pvc ""fine"", expensive freight.",0
d267b687492657f456a390c26a1a201b,3,O Acabamento das fronhas não é o mesmo da foto do produto no site! Deixou a desejar!,test,The finishing of pillowcases is not the same as the photo of the product on the site! You left it to be desired!,0
e3af8a75276702c19d1ac8d157630439,2,não consigo nunca falar com as lojas lannister,test,I can't ever talk to Lannister stores.,0
97e128c1f6c5237e418f577aea822340,2,"Produto chegou no prazo,porem, nao veio na medida correta. Tentei entrar em contato para troca ou devolucao e nao obtive nenhuma resposta.",test,"Product arrived on time, however, did not come to the right measure. I tried to get in touch for exchange or return, and I got no answer.",0
9043efcb9bdb61f596768e9a8f8f5aaa,1,ainda não recebi o produto .. estou preocupada,test,I haven't received the product yet.. I'm worried.,0
14c3c2dea428e7358537d387c1355ab6,2,"Recebi o produto com defeito, nunca ligou o aparelho e olhe que a nossa voltagem é de 220v",test,"I got the defective product, never turned on the device, and look, our voltage is 220v.",1
db8f82dfe71a5501317542e7b17146aa,5,chegou dentro do prazo produto original mt bom,test,arrived within the time limit original product mt good,0
53a1f7008aae6259edf24a03d015e284,5,"O produto é de altíssima qualidade, mas o tom é diferente, na parte bege é mais para um pérola.",test,"The product is of very high quality, but the tone is different, in the beige part is more for a pearl.",1
df41908a9d2a09315f4dab665b3b81c6,1,bom,test,Good.,0
c1df364081b02bb8c35a7480e990126d,2,Gostaria de informações sobre a não entrega do produto.,test,I'd like information on the non-delivery of the product.,0
1fe40fc20c79ffd8dbc05d50bbf657d0,1,O produto não foi entregue e não obtive nenhum retorno sobre o assunto.,test,The product was not delivered and I did not get any return on the subject.,1
b36b392eab1533cf39a96590a24a36c8,4,Otimo produto. Como esperava.,test,Great product. As I expected.,1
6cddbe204d2cfe1f9d39d11cceb2506b,5,Excelente aquisicao,test,Excellent aquisicao,0
701fdce9baebef323e3e2358b416b823,3,"Boa loja e o produto é de boa qualidade, mas tive problemas com a entrega (Correios), o carteiro fez apenas uma tentativa de entrega e enviou o produto para uma agência, onde tive que ir retirar",test,"Good shop and the product is of good quality, but I had problems with the delivery (Correios), the mailman made only one attempt at delivery and sent the product to an agency, where I had to go withdraw",0
f29407141663ca3eccb3eb487bfef993,5,Gostei muito das bolsas veio engual as da foto amei muito obrigada pela qualidade Material muito bom,test,I really liked the bags came engeal the ones in the photo loved thank you so much for the quality Material very good,0
8619f841c1126101d33e99d1993a1e85,5,Recomendo produto de ótima qualidade Chegou antes do prazo.,test,I recommend great quality product arrived before the deadline.,0
3e8a1c9b026008274e1623eb24151959,4,Muito bom atendimento e cumpre prazo de entrega,test,Very good service and meets delivery deadline,0
2e23c52015cbf35ec2f50589ba90d8e7,3,O cubo shengshou 6x6 está quebrado.,test,The 6x6 shengshou cube is broken.,1
f58009079a5849a05f2fdfb31516044a,3,"Os produtos chegaram dentro do prazo mas em datas diferentes (4 unidades em um dia e 1 unidade em outro dia), gerando assim confusão pois no site constava produtos ENTREGUES. Tirando isso foi tudo Ok.",test,"The products arrived within the deadline but on different dates (4 units on one day and 1 unit on another day), thus causing confusion because the site contained DELIVERIES products. Other than that, it was all okay.",0
933ee6204e6fa2759e4bdbb41e11aa26,5,"O produto chegou suuuper rápido, super bem embalado. Adorei!!! Certamente comprarei mais vezes!!!",test,"The product arrived suuuper fast, super well packed. I love it! I will certainly buy more times!!!",0
8ed1b213b1444d5c4cd6df8b6001de86,3,Não tive nenhum problema o produto chegou antes do prazo.,test,I didn't have any trouble the product arrived before the deadline.,0
4aadd830f69552d605e52eca8b9d2a87,5,"O atraso na entrega foi dos Correios, conforme rastreamento feito.",test,"The delay in delivery was from the Post Office, as traced.",1
11ca35863e90b98a94a5a1dc489712e2,5,"Funcionou muito bem em minha TV, entrega antes do prazo!",test,"It worked very well on my TV, delivery before deadline!",0
c14c224afc0bda30f81c93ba2a5b4f99,4,Só que deveria ser um pouco mais reforçada,test,It's just that it should be a little more reinforced.,0
bfb56687dd5567d176683e9b93d2f079,3,"comprei os produtos, ar, transformador e suporte. Recebi o ar e o transformador. Não recebi o suporte até o momento.",test,"I bought the products, air, transformer and support. I got the air and the transformer. I haven't received the support so far.",1
92bbbb07a21c5a25d34ef71d9e3102da,2,O dia da entrega estava agendado 03/08 porém não recebi,test,The day of delivery was scheduled 03/08 but I did not receive,0
254757105deb49eaddc3f03249b6a89d,1,Pedi 3 unidades do produto é só foram entregues 2 unidades,test,I ordered 3 units of product is only delivered 2 units,0
a61736adcfa33c4cfde50fdb7d7ae3cd,2,"O relógio parece aqueles vendidos na 25 de março, muito simples, vem em uma embalagem qualquer e a imagem de dentro do gato é desbotada e opaca.",test,"The watch looks like those sold on March 25th, very simple, comes in any package and the image from inside the cat is faded and opaque.",1
785828447e4ad5c62b47794ca3491803,3,preço bom mas veio com defeito,test,Good price but came with faulty,1
645bee23fc1351e11eeae3d8ddcc16a0,1,"RECEBI OS PRODUTOS, POREM NÃO VEIO COMO PEDI. PEDI LENÇOL DE ALGODAO, 170 FIOS, E CHEGOU 100% POLYESTER",test,"I got the goods, but it didn't come like I asked. I ordered cotton sheets, 170 strands, and it arrived 100% polyester.",0
824f4f7f59dc6e0801b5fbe8ac968941,4,Saindo tudo certinho antes do prazo previsto,test,Getting it all right before the deadline.,1
bc23154cd028443c6768333706393e62,5,Produto lindo e de ótima qualidade.,test,Beautiful product of great quality.,0
3cd186b6013f4145b9bd406847b61f19,5,Nâo sabia da entrega aos domingos pelo correio e nem que isso acontecia antes das 8 horas da manhâ ( foi a minha entrega ).,test,I did not know about the delivery on Sundays in the mail and even that this happened before 8 a.m. (it was my delivery ).,1
6f1a19bf03b03565115f376a64dd4ae4,1,comprei tapetes para meu carro e chegou uma capa para pneu do CrossFox... e até agora não tive nenhuma resposta do vendedor,test,I bought carpets for my car and a tire cover came in from CrossFox... And so far I've had no answer from the seller.,1
a5f66ea9230a879a1d176ecd32750521,1,COMPREI 6 CADEIRAS E SÓ RECEBI 1 E AINDA VEIO NA COR ERRADA! ENTREI EM CONTATO VÁRIAS VEZES E NÃO ME DERAM NENHUMA ATENÇÃO! TOTAL DESCASO COM O CLIENTE.,test,I bought six chairs and I only got one and it still came in the wrong color! I've been in touch several times and they've given me no attention! Total disregard for the customer.,1
cd5eb3f8c8faeb7a89b1e8b3120fe206,1,Faltou um pedido na entrega e quando pede para cancelar um produto não te atendem,test,"You missed a delivery order, and when you ask me to cancel a product, they won't answer your phone.",0
fb7f0d999ad0d07b73e5aebae30f6986,3,não enviaram a nota fiscal.,test,They didn't send the invoice.,0
d21eaed16dc53777f0228cd466cfe7b8,4,Como sempre as lannister cumprindo com seus prazos de entrega e produto no mais perfeito estado,test,As always the Lannister complying with their delivery deadlines and product in the most perfect condition,1
60298f07ac47c49b3f98192c2aff9b7e,1,Não tive a oportunidade de usar .. espero que esteja tudo certo...,test,I didn't get a chance to use it.. I hope it's all right...,0
4e6e4fdbc34f24b21f2b66025ee7af71,4,satisfeita,test,satisfied,0
95f6d3d435a8eb7e148a1d0c4709c036,5,"Rapidez na entrega , é um produto de ótima qualidade!",test,"Quick on delivery, it is a product of great quality!",1
df23084261dbc5c961eebf0cdf46a79b,1,"Recebi o produto dentro do prazo previsto, porém veio estourada sem condições de uso .",test,"I received the product within the deadline, but it came burst without conditions of use .",0
409dd9867e7e03059d6217ba85204aaa,4,Boa qualidade,test,Good quality,0
608e890852fc78c3854d83a0cfab8557,3,"Até agora não recebi nada, a colcha estava prevista para anteontem(18/12) e até agora nada",test,"So far I have received nothing, the quilt was scheduled for the day before yesterday(18/12) and so far nothing.",0
856234b42fe2c8652102dc209cbf77e9,3,"Faltou o killer do combo, recebi o mr skull e a coqueteleira. Vieram bem acondicionados e no prazo informado",test,"Missed the combo killer, got Mr. Skull and the shaker. They came well packed and within the informed deadline.",0
7eaac7481400e495ddfc2f5398aba896,1,A entrega esta atrasada.,test,The delivery's late.,1
be9509ebb2c34d12d832b0aa708414a4,4,"Gostei muito do produto, porém chegou bem atrasado, na vdd no ato da compra dizia 19 dias e depois foi para um mês, se for se basear no um mês chegou adiantado, não veio embalada e estragou toda caixa",test,"I liked the product very much, but it arrived very late, in the vdd at the time of purchase it said 19 days and then it went to a month, if it was based on the one month it arrived early, it did not come packed and ruined every box",0
791573167b2b6165649fbfc68e73757a,3,"Só encontrei dificuldade de receber este material, pois tive que ir em duas agencias dos correios para conseguir retirar, mesmo tendo pago o frete para receber em minha residencia.",test,"I only found it difficult to receive this material, because I had to go to two post office agencies to be able to withdraw, even though I paid the freight to receive in my residence.",1
65cbca80d9399a823da58ce07ab2357c,2,Não recomendo,test,I don't recommend,1
136f5b9ffb8520fe704db101eba838e8,5,Eu gostei de compra na lannister chegou até antes do prazo eu recomendaria amigos e familiares comprar nesta site pq eles mim até o dia entregaram muito rápido né esperava só no dia vinte e sete obri,test,I liked to buy at Lannister arrived until before the deadline I would recommend friends and family buy on this site pq they me until the day delivered very fast not expected only on the twenty-seventh,0
efd40569b71600fdb9dc77ec5c6b7e1b,2,produto e baixa qualidade pelo preço. Não gostei.,test,product and low quality by price. I don't like it.,0
db8235dbef8cc7d388aa4c044baa9a83,5,Loja muito boa de compra nunca vi uma entrega tão rápida....,test,Very good shop purchase never saw such a fast delivery....,0
1d0278be60e3bf8a07b6a9a425e3fdda,3,"Tudo certo, exceto algumas informações nas características do produto não procede",test,"All right, except some information on the product characteristics does not proceed",0
52c21a5f6d96179722a49b008cd05946,1,muito ruim,test,Very bad.,0
df236765472b5afa7c6a881311479ddf,4,"Em algum lugar houve uma falha: comprei seis vidros de óleo de coco, um deles estava com a tampa amassada e vazou aproximadamente 1/4 do frasco, me aborreci, mas não posso afirmar quem foi o responsáv",test,"Somewhere there was a flaw: I bought six glasses of coconut oil, one of them had a dented lid and leaked about 1/4 of the bottle, I got bored, but I can't say who was responsible",1
b1a6979a01d70c35bbf0b19c89959f6a,1,"Compei uma pingente e nunca chegou, comprei dia 06 de janeiro hj é 08 de fervereiro e nada.",test,"I bought a pendant and never arrived, bought January 6th hj is 8th of boiling and nothing.",0
65b7245f8eb27ca1c4cb9f0160cbcc76,5,Chegou em perfeito estado! Muito linda!!,test,You've arrived in perfect condition! Very beautiful!,0
74dc937a1b3b36a94e2a0702dee61844,2,O produto que recebi ñ foi igual ao anunciado. Já mandei email e já fiz reclamação no site. Estou aguardando resposta!,test,"The product I received was the same as the one announced. I already e-mailed you, and I already filed a complaint on the website. I'm waiting to hear back!",0
b0b0f0adef93aa02d5b75b77a370bb8e,5,"Produto entregue bem antes do tempo, só uma dica, proteger um pouco mais a embalagem, , chegou amassado e é um medicamento",test,"Product delivered well before time, just a tip, protect the packaging a little more, arrived dented and is a medicine",1
cd76169860187096ad46036ee35b7706,2,"Não recomendo, pois o praso de entrega é muito longo, pois comprei o produto no dia 09/06/2017 e chegou dia 04/07/2017 muita demora, pois compro em outros site e recebo o produto no máximo 10 dias ut.",test,"I do not recommend it, because the delivery is very long, because I bought the product on 09/06/2017 and arrived on 04/07/2017 very long, because I buy on other sites and receive the product no more than 10 days ut.",0
b2a694b42ac51fe76833c5d0cc0a6285,5,"OTIMO ,",test,Great.,0
159652580cc9b3baac22b843c7b3b900,2,O produto não corresponde às descrições de tamanho e peso contidas no site. É bem menor e muito mais leve.,test,The product does not match the size and weight descriptions contained on the site. It's much smaller and much lighter.,1
b8a5bfbf666ca87c71c455b28a490753,2,Nunca tive problema Comba política de entrega das Lojas lannister porém tem reparado que o frete tem ficado cada vez mais caro e os prazos mais extensos.,test,"I've never had a problem with the Lannister Trades delivery policy, but you've noticed that freight has become more and more expensive and longer deadlines.",0
d8caf32d508cf4c570b223e38eb23b0a,1,"Produto comercializado não é o original da marca Oakley, trata-se de réplica, total desrespeito ao consumidor!",test,"Commercialized product is not the original Oakley brand, it is a replica, total disrespect to the consumer!",0
7f5a9d1b22f1fc0de83efa941576c6bd,1,Recebi apenas duas das quatro unidades,test,I only got two of the four units.,0
2c184a5ed33189ca4822cb1ea765b4be,4,Tudo certo!,test,All right!,0
ffc17a5c05d0802db7811dd800e99648,3,"NÃO RECEBI MEU PEDIDO AINDA , O PRAZO ERA ATÉ DIA 20/03/18.",test,"I haven't received my request yet, the deadline was 20/03/18.",0
7bf4550966295d9aaafdc486dc4c7f99,3,Recebi a metade do pedido. Nao recebi o lustre ainda,test,I got half the order. I haven't received the chandelier yet.,0
8cdfcfd351aaed5d9e7767c8115e8e1f,5,Adorei o produto e a entrega foi rápida,test,I loved the product and the delivery was quick,0
f29bbead1034936360ff92f70abbe8f6,2,Produto demorou muito para chegar,test,Product took too long to get here,0
af75e8009bcaa44c0b42ba66b9351ae3,3,"O produto veio direitinho, porém embalado em jornal, sem manual e sem embalagem.",test,"The product came right, but packed in newspaper, without manual and without packaging.",0
cf007e6d8f2179ea8d8c5a065bc62c4b,5,Muito linda tecido excelente recomendado. A única coisa que não gostei foi do valor dos fretes. Podia ser frete único e mais em conta.,test,Very beautiful excellent fabric recommended. The only thing I didn't like was the value of freight. It could be one-of-a-kind freight and more into account.,0
55b264ecbf647b9ba42447e608489571,2,"Comprei um produto, recebi outro completamente diferente, ja abri uma reclamação, estou aguardando retorno.",test,"I bought a product, I got a completely different product, I've already filed a complaint, I'm waiting for return.",0
49d897a085a5dcb8c96a603f33726933,4,"Recebi exatamente o que comprei, no prazo estabelecido. Obrigada e recomendo",test,"I got exactly what I bought, within the deadline. Thank you and I recommend",0
d82265ab7dcff0702157cbe33a965405,3,Só que eu pedi um cartucho HP original e o que veio não tem slogan da hp,test,Except I ordered an original HP cartridge and what came in has no hp slogan.,1
b1c18045cdea093ef77d2846e9b3c752,4,Tudo certo,test,All right.,0
15336fa91a66052899fef250069424e4,3,Faltou o açucareiro. Nao veio junto.,test,The sugar shaker's missing. He didn't come along.,0
c3c23649b369713e7df8f1f5c8895146,2,Não recebemos ainda como dar opiniao ou avaliar? Com prazo para responder se recebemos ou nao?,test,Haven't we received any opinion or evaluation yet? With a deadline to answer if we receive or not?,0
8f5bd1b4e4d3a83f23bb82a8f0f0c997,2,"Boa tarde, eu recebi no dia 2/04 apenas o móbile, a saia não veio na entrega. Como podemos resolver isso? O que aconteceu?",test,"Good afternoon, I received on the 2/04 only the mobile, the skirt did not come on delivery. How can we solve this? What happened?",1
3879b7772940e0e0f90df8377af9e051,2,Não foi entregue no tento estipulado e o codigo de rastreio está totalmente desatualizado.,test,It wasn't delivered in the stipulated attempt and the tracking code is totally out of date.,0
016887889a1fab6ba157b0d9b16f4b5e,4,"Recebi o produto certo e antes do prazo. Valeu stark, targaryen/relojoaria nishimoto e correios.",test,"I got the right product and before the deadline. Thanks stark, targaryen/nishimoto watch and post office.",0
45d8898242e2cdcc3d99f428990c3d9b,1,Nao recebi os produtos,test,I didn't get the products.,1
7b29e032a2fa1e48e5a3df647dc8c4dd,4,"A única queixa é que não tive atualizações do status do produto. Gostaria de saber melhor as fases até ele ser entregue pra eu poder estar esperando. Fora isso, tudo certo!",test,"The only complaint is that I haven't had updates on the status of the product. I'd like to know more about the stages until it's delivered so I can be waiting. Other than that, all right!",1
48bd0076a55ff7f5b7d519a548f99bc1,1,Ate agora não estornou minha compra Que não foi enviada por causa de estoque e so fui comunicado depois de abrir cancelamento no pedido.,test,Until now it did not starn my purchase which was not sent because of stock and was only communicated after opening cancellation in order.,0
47fd8dd8039e4add85580169c35576d5,5,Excelente.,test,Excellent.,0
a370bd7d6b7092478bbc56f6315a1ebb,4,O produto chegou antes do previsto veio certinho conforme o descrito no site e veio bem embalado.,test,The product arrived earlier than expected came right as described on the site and came well packed.,0
08531aa0b3844944e7aeef53530f8598,5,Tudo ok!! Produto entregue no prazo!!,test,All right! Product delivered on time!,1
bce046500b544094120494097078ff26,5,Maravilhoso!,test,Wonderful!,0
41d1f817a158fe835109e49823d07868,2,"O anúncio é de um combo de 2 produtos, mas veio apenas um.",test,"The announcement is from a combo of two products, but only one came.",0
8720a02d73ae9269986af88c0cb3d9de,1,"O produto não chegou até mim, quero cancelar e aguardo o estorno.",test,"The product didn't come to me, I want to cancel and wait for the storm.",0
fa478ea9bca281d51da049afdab45b91,3,"Recebi tudo normal, só que o produto não esta funcionando,",test,"I got everything normal, except the product isn't working,",0
42e57f78670088d45245525ef39184b1,4,"bonita cadeira, fácil de montar, satisfez meu interesse",test,"Beautiful chair, easy to assemble, satisfied my interest",0
df134a7506adf5ce93a6b0df65e405cf,5,"NO entanto, ainda falta o outro produto do mesmo pedido!",test,"However, the other product of the same order is still missing!",0
